created_at,entry_id,Soil moisture,Humidity,Light,Temperature,Green,,N=normal T=terrarium
2022-11-17T10:17:08+00:00,260,0.02444,45,0.10264,29.3,97,,N
2022-11-17T10:17:23+00:00,261,0.02444,45,0.09775,29.3,97,,N
2022-11-17T10:17:39+00:00,262,0.02444,45,0.09286,29.3,97,,N
2022-11-17T10:17:54+00:00,263,0.02444,45,0.09286,29.3,97,,N
2022-11-17T10:18:10+00:00,264,0.02444,45,0.08798,29.3,96,,N
2022-11-17T10:18:25+00:00,265,0.02444,45,0.08798,29.3,96,,N
2022-11-17T10:18:40+00:00,266,0.02444,45,0.09286,29.3,96,,N
2022-11-17T10:18:56+00:00,267,0.02444,45,0.08798,29.3,96,,N
2022-11-17T10:19:11+00:00,268,0.02444,45,0.09286,29.3,97,,N
2022-11-17T10:19:27+00:00,269,0.02444,45,0.08798,29.3,97,,N
2022-11-17T10:27:10+00:00,270,0.02444,3,0.08798,29.3,97,,N
2022-11-17T10:27:26+00:00,271,0.02444,39,0.08798,29.3,97,,N
2022-11-17T10:27:42+00:00,272,0.02444,32,0.08798,29.3,97,,N
2022-11-17T10:27:57+00:00,273,0.02444,32,0.08798,29.3,97,,N
2022-11-17T10:28:13+00:00,274,0.02444,32,0.08798,29.3,97,,N
2022-11-17T10:28:52+00:00,275,0.02444,33,0.08798,29.3,97,,N
2022-11-17T10:29:08+00:00,276,0.02444,32,0.08798,29.3,97,,N
2022-11-17T10:29:24+00:00,277,0.02444,31,0.08798,29.3,97,,N
2022-11-17T10:29:40+00:00,278,0.02444,42,0.08798,29.3,97,,N
2022-11-17T10:29:56+00:00,279,0.02444,49,0.08798,29.3,97,,N
2022-11-17T10:30:12+00:00,280,0.02444,42,0.08798,29.3,97,,N
2022-11-17T10:30:28+00:00,281,0.02444,36,0.08798,29.3,97,,N
2022-11-17T10:30:44+00:00,282,0.02444,33,0.08798,29.3,97,,N
2022-11-17T10:31:00+00:00,283,0.02444,32,0.08798,29.3,97,,N
2022-11-17T10:31:16+00:00,284,0.02444,33,0.08798,29.3,97,,N
2022-11-17T10:31:31+00:00,285,0.02444,31,0.08798,29.3,97,,N
2022-11-17T10:31:48+00:00,286,0.02444,31,0.08798,29.3,97,,N
2022-11-17T10:32:04+00:00,287,0.02444,31,0.08798,29.3,97,,N
2022-11-17T10:32:22+00:00,288,0.02444,32,0.08798,29.3,97,,N
2022-11-17T10:32:39+00:00,289,0.02444,33,0.08798,29.3,97,,N
2022-11-17T10:32:54+00:00,290,0.02444,32,0.08798,29.3,97,,N
2022-11-17T10:33:09+00:00,291,0.02444,32,0.08798,29.3,97,,N
2022-11-17T10:33:26+00:00,292,0.02444,32,0.08798,29.3,97,,N
2022-11-17T10:33:42+00:00,293,0.02444,32,0.08798,29.3,97,,N
2022-11-17T10:33:58+00:00,294,0.02444,32,0.08798,29.3,97,,N
2022-11-17T10:34:14+00:00,295,0.02444,32,0.08798,29.3,97,,N
2022-11-17T10:34:45+00:00,296,0.02444,32,0.08798,29.3,97,,N
2022-11-17T10:35:00+00:00,297,0.02444,32,0.07331,29.3,97,,N
2022-11-17T10:35:17+00:00,298,0.02444,32,0.07331,29.3,97,,N
2022-11-17T10:35:35+00:00,299,0.02444,33,0.07331,29.3,97,,N
2022-11-17T10:35:50+00:00,300,0.02444,33,0.07331,29.3,97,,N
2022-11-17T10:36:06+00:00,301,0.02444,32,0.07331,29.3,97,,N
2022-11-17T10:36:21+00:00,302,0.02444,32,0.07331,29.3,97,,N
2022-11-17T10:36:39+00:00,303,0.02444,32,0.07331,29.3,97,,N
2022-11-17T10:36:54+00:00,304,0.02444,32,0.07331,29.3,97,,N
2022-11-17T10:37:09+00:00,305,0.02444,32,0.0782,29.3,97,,N
2022-11-17T10:37:25+00:00,306,0.02444,32,0.12708,29.3,97,,N
2022-11-17T10:37:41+00:00,307,0.02444,32,0.07331,29.3,97,,N
2022-11-17T10:37:58+00:00,308,0.02444,33,0.07331,29.3,97,,N
2022-11-17T10:38:14+00:00,309,0.02444,33,0.07331,29.3,97,,N
2022-11-17T10:38:31+00:00,310,0.02444,31,0.07331,29.3,97,,N
2022-11-17T10:38:47+00:00,311,0.02444,31,0.07331,29.3,97,,N
2022-11-17T10:39:02+00:00,312,0.02444,31,0.07331,29.3,97,,N
2022-11-17T10:39:17+00:00,313,0.02444,31,0.1173,29.3,97,,N
2022-11-17T10:39:33+00:00,314,0.02444,31,0.12708,29.3,97,,N
2022-11-17T10:39:51+00:00,315,0.02444,32,0.12708,29.3,97,,N
2022-11-17T10:40:06+00:00,316,0.02444,32,0.12708,29.3,97,,N
2022-11-17T10:40:23+00:00,317,0.02444,31,0.12708,29.3,97,,N
2022-11-17T10:40:38+00:00,318,0.02444,31,0.12708,29.3,97,,N
2022-11-17T10:40:53+00:00,319,0.02444,31,0.12708,29.3,97,,N
2022-11-17T10:41:12+00:00,320,0.02444,31,0.12708,29.3,97,,N
2022-11-17T10:41:27+00:00,321,0.02444,31,0.12708,29.3,97,,N
2022-11-17T10:41:44+00:00,322,0.02444,31,0.12708,29.3,97,,N
2022-11-17T10:42:00+00:00,323,0.02444,32,0.12708,29.3,97,,N
2022-11-17T10:42:15+00:00,324,0.02444,32,0.12708,29.3,97,,N
2022-11-17T10:42:30+00:00,325,0.02444,31,0.12708,29.3,97,,N
2022-11-17T10:42:46+00:00,326,0.02444,32,0.12708,29.3,97,,N
2022-11-17T10:43:02+00:00,327,0.02444,32,0.12708,29.3,97,,N
2022-11-17T10:43:17+00:00,328,0.02444,32,0.0782,29.3,97,,N
2022-11-17T10:43:32+00:00,329,0.02444,32,0.13196,29.3,97,,N
2022-11-17T10:43:49+00:00,330,0.02444,31,0.13196,29.3,97,,N
2022-11-17T10:44:04+00:00,331,0.02444,30,0.13196,29.3,97,,N
2022-11-17T10:44:20+00:00,332,0.02444,30,0.13196,29.3,97,,N
2022-11-17T10:45:58+00:00,333,0.02444,35,0.13196,29.3,97,,N
2022-11-17T10:46:13+00:00,334,0.02444,35,0.06843,29.3,97,,N
2022-11-17T10:46:31+00:00,335,0.02444,32,0.06843,29.3,97,,N
2022-11-17T10:46:47+00:00,336,0.02444,32,0.06843,29.3,97,,N
2022-11-17T10:47:03+00:00,337,0.02444,32,0.06843,29.3,97,,N
2022-11-17T10:47:18+00:00,338,0.02444,32,0.06843,29.3,97,,N
2022-11-17T10:47:34+00:00,339,0.02444,32,0.06843,29.3,97,,N
2022-11-17T10:47:50+00:00,340,0.02444,32,0.69404,29.3,97,,N
2022-11-17T10:48:05+00:00,341,0.02444,32,0.71359,29.3,97,,N
2022-11-17T10:48:20+00:00,342,0.02444,32,0.06843,29.3,97,,N
2022-11-17T10:48:35+00:00,343,0.02444,32,0.10753,29.3,97,,N
2022-11-17T10:48:51+00:00,344,0.02444,32,0.06354,29.3,97,,N
2022-11-17T10:49:08+00:00,345,0.02444,92,0.06354,29.3,97,,N
2022-11-17T10:49:24+00:00,346,0.02444,92,0.06354,30.2,97,,N
2022-11-17T10:49:40+00:00,347,0.02444,92,0.10753,30.2,97,,N
2022-11-17T10:49:55+00:00,348,0.02444,92,0.1173,30.2,97,,N
2022-11-17T10:50:12+00:00,349,0.02444,32,0.1173,30.2,97,,N
2022-11-17T10:50:28+00:00,350,0.02444,32,0.1173,29.8,97,,N
2022-11-17T10:50:43+00:00,351,0.02444,32,0.1173,29.8,97,,N
2022-11-17T10:50:58+00:00,352,0.02444,32,0.06354,29.8,97,,N
2022-11-17T10:51:15+00:00,353,0.02444,31,0.06354,29.8,97,,N
2022-11-17T10:51:31+00:00,354,0.02444,31,0.06354,29.8,97,,N
2022-11-17T10:51:48+00:00,355,0.02444,31,0.06354,29.8,97,,N
2022-11-17T10:52:03+00:00,356,0.02444,31,0.06354,29.8,97,,N
2022-11-17T10:52:18+00:00,357,0.02444,31,0.06843,29.8,97,,N
2022-11-17T10:52:33+00:00,358,0.02444,30,0.06843,29.8,97,,N
2022-11-17T10:52:49+00:00,359,0.02444,30,0.06843,29.8,97,,N
2022-11-17T10:53:04+00:00,360,0.02444,30,0.09775,29.8,97,,N
2022-11-17T10:53:22+00:00,361,0.02444,29,0.09775,29.8,97,,N
2022-11-17T10:53:38+00:00,362,0.02444,30,0.09775,29.8,97,,N
2022-11-17T10:53:53+00:00,363,0.02444,30,0.09775,28.9,97,,N
2022-11-17T10:54:08+00:00,364,0.02444,30,0.09775,28.9,97,,N
2022-11-17T10:54:24+00:00,365,0.02444,30,0.09775,28.5,97,,N
2022-11-17T10:54:40+00:00,366,0.02444,30,0.09775,28.5,97,,N
2022-11-17T10:54:55+00:00,367,0.02444,30,0.09775,28.5,97,,N
2022-11-17T10:55:11+00:00,368,0.02444,30,0.09775,28.5,97,,N
2022-11-17T10:55:29+00:00,369,0.02444,30,0.10753,28.5,97,,N
2022-11-17T10:55:45+00:00,370,0.02444,30,0.10753,28.5,97,,N
2022-11-17T10:56:01+00:00,371,0.02444,30,0.10753,28.5,97,,N
2022-11-17T10:56:17+00:00,372,0.02444,30,0.10753,28.5,97,,N
2022-11-17T12:45:01+00:00,373,0.02444,30,0.10753,28.5,97,,N
2022-11-17T12:45:30+00:00,374,0.02444,30,0.10753,28.5,97,,N
2022-11-17T12:45:45+00:00,375,0.02444,30,0.10753,28.5,97,,N
2022-11-17T12:46:00+00:00,376,0.02444,30,0.10753,28.5,97,,N
2022-11-17T12:46:16+00:00,377,0.02444,30,0.10753,28.5,97,,N
2022-11-17T12:46:32+00:00,378,0.02444,30,0.10753,28.5,97,,N
2022-11-17T12:46:47+00:00,379,0.02444,30,0.10753,28.5,97,,N
2022-11-17T12:47:03+00:00,380,0.02444,30,0.10753,28.5,97,,N
2022-11-17T12:47:18+00:00,381,0.02444,30,0.10753,28.5,97,,N
2022-11-17T12:47:33+00:00,382,0.02444,30,0.10753,28.5,97,,N
2022-11-17T12:47:49+00:00,383,0.02444,30,0.10753,28.5,97,,N
2022-11-17T12:48:04+00:00,384,0.02444,30,0.10753,28.5,97,,N
2022-11-17T12:48:21+00:00,385,0.02444,30,0.10753,28.5,97,,N
2022-11-17T12:48:36+00:00,386,0.02444,30,0.10753,28.5,97,,N
2022-11-17T12:48:51+00:00,387,0.02444,30,0.10753,28.5,97,,N
2022-11-17T12:49:12+00:00,388,0.02444,30,0.10753,28.5,97,,N
2022-11-17T12:49:42+00:00,389,0,30,0.10753,28.5,97,,N
2022-11-17T12:49:59+00:00,390,0,30,0.10753,28.5,97,,N
2022-11-17T12:50:15+00:00,391,0,30,0.10753,28.5,97,,N
2022-11-17T12:50:30+00:00,392,0,30,0.10753,28.5,97,,N
2022-11-17T12:50:46+00:00,393,0,30,0.10753,28.5,97,,N
2022-11-17T12:51:05+00:00,394,0,30,0.10753,28.5,97,,N
2022-11-17T12:51:22+00:00,395,0,30,0.10753,28.5,97,,N
2022-11-17T12:52:05+00:00,396,0,30,0.10753,28.5,97,,N
2022-11-17T12:52:20+00:00,397,0,30,0.10753,28.5,97,,N
2022-11-17T12:52:35+00:00,398,0,30,0.10753,28.5,97,,N
2022-11-17T12:52:50+00:00,399,0,30,0.10753,28.5,97,,N
2022-11-17T12:53:06+00:00,400,0,30,0.10753,28.5,97,,N
2022-11-17T12:53:21+00:00,401,0,30,0.10753,28.5,97,,N
2022-11-17T12:53:37+00:00,402,0,30,0.10753,28.5,97,,N
2022-11-17T12:53:52+00:00,403,0,30,0.10753,28.5,97,,N
2022-11-17T12:54:08+00:00,404,0,30,0.10753,28.5,97,,N
2022-11-17T12:54:23+00:00,405,0,30,0.10753,28.5,97,,N
2022-11-17T12:54:40+00:00,406,0,30,0.10753,28.5,97,,N
2022-11-17T12:54:55+00:00,407,0,30,0.10753,28.5,97,,N
2022-11-17T12:55:11+00:00,408,0,30,0.10753,28.5,97,,N
2022-11-17T12:55:27+00:00,409,0,30,0.10753,28.5,97,,N
2022-11-17T12:55:44+00:00,410,0,30,0.10753,28.5,97,,N
2022-11-17T13:24:47+00:00,411,0,45,0.10753,28.5,97,,N
2022-11-17T13:25:24+00:00,412,0,45,0.10753,28.5,97,,N
2022-11-17T13:25:39+00:00,413,0,44,0.10753,28.5,97,,N
2022-11-17T13:25:56+00:00,414,0,44,0.10753,28.5,97,,N
2022-11-17T13:26:13+00:00,415,0,43,0.10753,28.5,97,,N
2022-11-17T13:26:31+00:00,416,0,44,0.10753,28.5,97,,N
2022-11-17T13:27:05+00:00,417,0,45,0.06843,28.5,97,,N
2022-11-17T13:27:20+00:00,418,0,45,0.06843,27.6,97,,N
2022-11-17T13:27:36+00:00,419,0,44,0.06843,27.6,97,,N
2022-11-17T13:27:51+00:00,420,0,44,0.06843,27.6,97,,N
2022-11-17T13:28:07+00:00,421,0,44,0.06843,27.6,97,,N
2022-11-17T13:28:22+00:00,422,0,45,0.06843,27.6,97,,N
2022-11-17T13:29:25+00:00,423,0,45,0.06843,27.6,97,,N
2022-11-17T13:29:40+00:00,424,0,45,0.06843,27.6,97,,N
2022-11-17T13:29:56+00:00,425,0,45,0.06843,27.6,97,,N
2022-11-17T13:30:11+00:00,426,5,45,0.06843,27.6,97,,N
2022-11-17T13:30:26+00:00,427,5,45,0.06843,27.6,97,,N
2022-11-17T13:31:04+00:00,428,5,45,0.06843,27.6,97,,N
2022-11-17T13:31:20+00:00,429,5,45,0.06843,27.6,97,,N
2022-11-17T13:31:35+00:00,430,5,45,0.06843,27.6,97,,N
2022-11-17T13:31:52+00:00,431,5,45,0.06843,27.6,97,,N
2022-11-17T13:32:07+00:00,432,6,45,0.06843,27.6,97,,N
2022-11-17T13:32:23+00:00,433,6,45,0.06843,27.6,97,,N
2022-11-17T13:32:39+00:00,434,6,45,0.06843,27.6,97,,N
2022-11-17T13:32:55+00:00,435,5,45,0.06843,27.6,97,,N
2022-11-17T13:33:10+00:00,436,5,45,0.06843,27.6,97,,N
2022-11-17T13:33:27+00:00,437,5,45,0.06843,27.6,97,,N
2022-11-17T13:33:42+00:00,438,4,45,0.06843,27.6,97,,N
2022-11-17T13:33:58+00:00,439,4,45,0.06843,27.6,97,,N
2022-11-17T13:34:14+00:00,440,4,45,0.06843,27.6,97,,N
2022-11-17T13:34:30+00:00,441,3,45,0.06843,27.6,97,,N
2022-11-18T07:04:32+00:00,442,3,89,0.06843,27.6,95,,T
2022-11-18T07:04:47+00:00,443,3,89,0.0391,27.6,95,,T
2022-11-18T07:05:04+00:00,444,3,93,0.0391,27.6,95,,T
2022-11-18T07:05:21+00:00,445,3,94,0.0391,27.6,95,,T
2022-11-18T07:05:38+00:00,446,3,95,0.0391,27.6,95,,T
2022-11-18T07:05:56+00:00,447,3,92,0.0391,27.6,95,,T
2022-11-18T07:06:11+00:00,448,3,84,0.0391,27.6,95,,T
2022-11-18T07:06:26+00:00,449,3,84,0.07331,27.6,95,,T
2022-11-18T07:06:43+00:00,450,3,74,0.07331,27.6,95,,T
2022-11-18T07:06:58+00:00,451,3,74,0.03421,27.6,95,,T
2022-11-18T07:07:14+00:00,452,3,78,0.03421,27.6,95,,T
2022-11-18T07:07:29+00:00,453,3,77,0.03421,27.6,95,,T
2022-11-18T07:07:45+00:00,454,3,77,0.03421,24.8,95,,T
2022-11-18T07:08:01+00:00,455,3,77,0.0391,24.8,95,,T
2022-11-18T07:08:16+00:00,456,3,77,0.0782,24.8,95,,T
2022-11-18T07:08:34+00:00,457,3,72,0.0782,24.8,95,,T
2022-11-18T07:08:49+00:00,458,3,72,0.0782,24.5,95,,T
2022-11-18T07:09:05+00:00,459,3,72,0.08798,24.5,95,,T
2022-11-18T07:09:21+00:00,460,3,73,0.08798,24.5,95,,T
2022-11-18T07:09:37+00:00,461,3,74,0.08798,24.5,95,,T
2022-11-18T07:10:09+00:00,462,3,76,0.08798,24.5,95,,T
2022-11-18T07:10:24+00:00,463,3,76,0.08798,24.5,95,,T
2022-11-18T07:10:40+00:00,464,3,76,0.08798,24.5,95,,T
2022-11-18T07:10:55+00:00,465,3,76,0.03421,24.5,95,,T
2022-11-18T07:11:10+00:00,466,3,76,0.03421,24.5,95,,T
2022-11-18T07:11:27+00:00,467,3,74,0.03421,24.5,95,,T
2022-11-18T07:11:42+00:00,468,3,74,0.03421,24.5,95,,T
2022-11-18T07:11:58+00:00,469,3,74,0.03421,24.5,95,,T
2022-11-18T07:12:13+00:00,470,3,74,0.03421,24.2,95,,T
2022-11-18T07:12:29+00:00,471,3,74,0.03421,24.2,95,,T
2022-11-18T07:12:46+00:00,472,3,71,0.03421,24.2,95,,T
2022-11-18T07:13:01+00:00,473,3,71,0.03421,24.1,95,,T
2022-11-18T07:13:18+00:00,474,3,71,0.03421,24.1,95,,T
2022-11-18T07:13:33+00:00,475,3,71,0.03421,24.1,95,,T
2022-11-18T07:13:49+00:00,476,3,71,0.03421,24.1,95,,T
2022-11-18T07:14:04+00:00,477,3,71,0.03421,24.1,95,,T
2022-11-18T07:14:21+00:00,478,3,71,0.03421,24.1,95,,T
2022-11-18T07:14:36+00:00,479,3,71,0.03421,24.1,95,,T
2022-11-18T07:14:52+00:00,480,3,71,0.03421,24.1,95,,T
2022-11-18T07:15:07+00:00,481,3,74,0.03421,24.1,95,,T
2022-11-18T07:15:23+00:00,482,3,74,0.03421,24.1,95,,T
2022-11-18T07:15:38+00:00,483,3,74,0.03421,24.1,95,,T
2022-11-18T07:15:53+00:00,484,3,74,0.03421,24.1,95,,T
2022-11-18T07:16:09+00:00,485,3,72,0.03421,24.1,95,,T
2022-11-18T07:16:24+00:00,486,3,72,0.03421,24.1,95,,T
2022-11-18T07:16:39+00:00,487,3,72,0.02933,24.1,95,,T
2022-11-18T07:16:54+00:00,488,3,72,0.02933,24.1,95,,T
2022-11-18T07:17:10+00:00,489,3,72,0.02933,24.1,95,,T
2022-11-18T07:17:25+00:00,490,3,72,0.02933,24.1,95,,T
2022-11-18T07:17:40+00:00,491,3,72,0.02933,24.1,95,,T
2022-11-18T07:17:57+00:00,492,3,72,0.02933,24.1,95,,T
2022-11-18T07:18:12+00:00,493,0,72,0.02933,24.1,95,,T
2022-11-18T07:18:27+00:00,494,0,72,0.02933,24.1,95,,T
2022-11-18T07:18:43+00:00,495,0,72,0.02933,24.1,95,,T
2022-11-18T07:18:58+00:00,496,0,72,0.02933,24.1,95,,T
2022-11-18T07:27:22+00:00,497,0,55,0.02933,24.1,95,,T
2022-11-18T08:20:09+00:00,498,94,55,0.02933,24.1,95,,T
2022-11-18T08:20:25+00:00,499,95,55,0.02933,24.1,95,,T
2022-11-18T08:20:41+00:00,500,95,55,0.02933,24.1,95,,T
2022-11-18T08:20:57+00:00,501,96,55,0.02933,24.1,95,,T
2022-11-18T08:21:13+00:00,502,96,55,0.02933,24.1,95,,T
2022-11-18T08:21:29+00:00,503,96,55,0.02933,24.1,95,,T
2022-11-18T08:21:45+00:00,504,96,55,0.02933,24.1,95,,T
2022-11-18T08:22:01+00:00,505,96,55,0.02933,24.1,95,,T
2022-11-18T08:22:17+00:00,506,97,55,0.02933,24.1,95,,T
2022-11-18T08:22:38+00:00,507,97,55,0.02933,24.1,95,,T
2022-11-18T08:22:54+00:00,508,95,55,0.02933,24.1,95,,T
2022-11-18T08:23:10+00:00,509,97,55,0.02933,24.1,95,,T
2022-11-18T08:23:26+00:00,510,97,55,0.02933,24.1,95,,T
2022-11-18T08:23:42+00:00,511,97,55,0.02933,24.1,95,,T
2022-11-18T08:23:58+00:00,512,97,55,0.02933,24.1,95,,T
2022-11-18T08:24:13+00:00,513,97,55,0.02933,24.1,95,,T
2022-11-24T04:58:26+00:00,514,32,55,0.02933,24.1,95,,N
2022-11-24T04:58:43+00:00,515,32,55,0.02933,24.1,95,,N
2022-11-24T04:58:58+00:00,516,32,55,0.02933,24.1,95,,N
2022-11-24T04:59:16+00:00,517,32,55,0.02933,24.1,95,,N
2022-11-24T04:59:31+00:00,518,32,55,0.02933,24.1,95,,N
2022-11-24T04:59:48+00:00,519,33,55,0.02933,24.1,95,,N
2022-11-24T05:00:04+00:00,520,33,55,0.02933,24.1,95,,N
2022-11-24T05:00:19+00:00,521,34,55,0.02933,24.1,95,,N
2022-11-24T05:00:36+00:00,522,34,55,0.02933,24.1,95,,N
2022-11-24T05:00:52+00:00,523,34,55,0.02933,24.1,95,,N
2022-11-24T05:01:08+00:00,524,35,55,0.02933,24.1,95,,N
2022-11-24T05:01:24+00:00,525,35,55,0.02933,24.1,95,,N
2022-11-24T05:01:40+00:00,526,36,55,0.02933,24.1,95,,N
2022-11-24T05:01:56+00:00,527,43,55,0.02933,24.1,95,,N
2022-11-24T05:02:12+00:00,528,43,55,0.02933,24.1,95,,N
2022-11-24T05:02:27+00:00,529,43,55,0.02933,24.1,95,,N
2022-11-24T05:02:43+00:00,530,43,55,0.02933,24.1,95,,N
2022-11-24T05:02:58+00:00,531,43,55,0.02933,24.1,95,,N
2022-11-24T05:15:37+00:00,532,41,55,0.02933,24.1,95,,N
2022-11-24T05:16:10+00:00,533,41,69,0.02933,24.1,95,,N
2022-11-24T05:16:27+00:00,534,41,69,0.02933,23.8,95,,N
2022-11-24T05:16:43+00:00,535,41,69,0.02933,23.8,95,,N
2022-11-24T05:16:58+00:00,536,41,65,0.02933,23.8,95,,N
2022-11-24T05:17:15+00:00,537,41,69,0.02933,23.8,95,,N
2022-11-24T05:17:32+00:00,538,41,65,0.02933,23.8,95,,N
2022-11-24T05:18:05+00:00,539,33,65,0.02933,23.8,95,,N
2022-11-24T05:18:22+00:00,540,33,65,0.02933,23.8,95,,N
2022-11-24T05:18:37+00:00,541,99,65,0.02933,23.8,95,,N
2022-11-24T05:18:53+00:00,542,99,65,0.02933,23.8,95,,N
2022-11-24T05:19:09+00:00,543,94,65,0.02933,23.8,95,,N
2022-11-24T05:21:11+00:00,544,33,65,0.02933,23.8,95,,N
2022-11-24T05:21:28+00:00,545,33,65,0.02933,23.8,95,,N
2022-11-24T05:21:44+00:00,546,33,65,0.02933,23.8,95,,N
2022-11-24T05:21:59+00:00,547,33,65,0.02933,23.8,95,,N
2022-11-24T05:22:14+00:00,548,33,65,0.02933,23.8,95,,N
2022-11-24T05:22:52+00:00,549,33,65,0.02933,23.8,95,,N
2022-11-24T05:23:08+00:00,550,32,65,0.02933,23.8,95,,N
2022-11-24T05:23:23+00:00,551,32,65,0.02933,23.8,95,,N
2022-11-24T05:23:39+00:00,552,32,65,0.02933,23.8,95,,N
2022-11-24T05:23:54+00:00,553,32,65,0.02933,23.8,95,,N
2022-11-24T05:24:23+00:00,554,32,65,0.02933,23.8,95,,N
2022-11-24T05:24:39+00:00,555,32,65,0.02933,23.8,95,,N
2022-11-24T05:24:54+00:00,556,32,65,0.02933,23.8,95,,N
2022-11-24T05:25:09+00:00,557,32,65,0.02933,23.8,95,,N
2022-11-24T05:25:24+00:00,558,32,65,0.02933,23.8,95,,N
2022-11-24T05:25:40+00:00,559,32,65,0.02933,23.8,95,,N
2022-11-24T05:25:55+00:00,560,31,65,0.02933,23.8,95,,N
2022-11-24T05:26:11+00:00,561,31,65,0.02933,23.8,95,,N
2022-11-24T05:26:27+00:00,562,31,65,0.02933,23.8,95,,N
2022-11-24T05:26:44+00:00,563,31,65,0.02933,23.8,95,,N
2022-11-24T05:27:00+00:00,564,31,65,0.02933,23.8,95,,N
2022-11-24T05:27:15+00:00,565,31,65,0.02933,23.8,95,,N
2022-11-24T05:27:30+00:00,566,30,65,0.02933,23.8,95,,N
2022-11-24T05:27:46+00:00,567,30,65,0.02933,23.8,95,,N
2022-11-24T05:28:01+00:00,568,30,65,0.02933,23.8,95,,N
2022-11-24T05:28:18+00:00,569,30,65,0.02933,23.8,95,,N
2022-11-24T05:28:33+00:00,570,30,65,0.02933,23.8,95,,N
2022-11-24T05:28:48+00:00,571,30,65,0.02933,23.8,95,,N
2022-11-24T05:29:05+00:00,572,30,65,0.02933,23.8,95,,N
2022-11-24T05:29:20+00:00,573,30,65,0.02933,23.8,95,,N
2022-11-24T05:29:35+00:00,574,30,65,0.02933,23.8,95,,N
2022-11-24T05:29:53+00:00,575,30,65,0.02933,23.8,95,,N
2022-11-24T05:30:09+00:00,576,30,65,0.02933,23.8,95,,N
2022-11-24T05:30:25+00:00,577,30,65,0.02933,23.8,95,,N
2022-11-24T05:30:40+00:00,578,29,65,0.02933,23.8,95,,N
2022-11-24T05:30:56+00:00,579,29,65,0.02933,23.8,95,,N
2022-11-24T05:31:13+00:00,580,29,65,0.02933,23.8,95,,N
2022-11-24T05:31:28+00:00,581,29,65,0.02933,23.8,95,,N
2022-11-24T05:31:43+00:00,582,29,65,0.02933,23.8,95,,N
2022-11-24T05:31:59+00:00,583,29,65,0.02933,23.8,95,,N
2022-11-24T05:32:15+00:00,584,29,65,0.02933,23.8,95,,N
2022-11-24T05:32:30+00:00,585,29,65,0.02933,23.8,96,,N
2022-11-24T05:32:45+00:00,586,29,65,0.02933,23.8,96,,N
2022-11-24T05:33:01+00:00,587,29,65,0.02933,23.8,96,,N
2022-11-24T05:33:17+00:00,588,29,65,0.02933,23.8,96,,N
2022-11-24T05:33:32+00:00,589,29,65,0.02933,23.8,96,,N
2022-11-24T05:33:48+00:00,590,29,65,0.02933,23.8,96,,N
2022-11-24T05:34:04+00:00,591,29,65,0.02933,23.8,96,,N
2022-11-24T05:34:19+00:00,592,29,65,0.02933,23.8,96,,N
2022-11-24T05:34:35+00:00,593,29,65,0.02933,23.8,96,,N
2022-11-24T05:34:52+00:00,594,29,65,0.02933,23.8,96,,N
2022-11-24T05:35:07+00:00,595,29,65,0.02933,23.8,96,,N
2022-11-24T05:35:23+00:00,596,29,65,0.02933,23.8,96,,N
2022-11-24T05:35:38+00:00,597,29,65,0.02933,23.8,96,,N
2022-11-24T05:35:54+00:00,598,29,65,0.02933,23.8,96,,N
2022-11-24T05:36:09+00:00,599,29,65,0.02933,23.8,96,,N
2022-11-24T05:36:26+00:00,600,29,65,0.02933,23.8,96,,N
2022-11-24T05:36:42+00:00,601,29,65,0.02933,23.8,96,,N
2022-11-24T05:36:57+00:00,602,29,65,0.02933,23.8,96,,N
2022-11-24T05:37:14+00:00,603,29,65,0.02933,23.8,96,,N
2022-11-24T05:37:29+00:00,604,28,65,0.02933,23.8,96,,N
2022-11-24T05:37:45+00:00,605,28,65,0.02933,23.8,96,,N
2022-11-24T05:38:01+00:00,606,28,65,0.02933,23.8,96,,N
2022-11-24T05:38:17+00:00,607,28,65,0.02933,23.8,96,,N
2022-11-24T05:38:32+00:00,608,28,65,0.02933,23.8,96,,N
2022-11-24T05:38:48+00:00,609,28,65,0.02933,23.8,96,,N
2022-11-24T05:39:04+00:00,610,28,65,0.02933,23.8,96,,N
2022-11-24T05:39:19+00:00,611,28,65,0.02933,23.8,96,,N
2022-11-24T05:39:34+00:00,612,99,65,0.02933,23.8,96,,N
2022-11-24T05:39:51+00:00,613,98,65,0.02933,23.8,96,,N
2022-11-24T05:40:07+00:00,614,99,65,0.02933,23.8,96,,N
2022-11-24T05:40:23+00:00,615,99,65,0.02933,23.8,96,,N
2022-11-24T05:40:38+00:00,616,99,65,0.02933,23.8,96,,N
2022-11-24T05:40:54+00:00,617,99,65,0.02933,23.8,96,,N
2022-11-24T05:41:10+00:00,618,99,65,0.02933,23.8,96,,N
2022-11-24T05:41:34+00:00,619,98,65,0.02933,23.8,96,,N
2022-11-24T05:41:50+00:00,620,99,65,0.02933,23.8,96,,N
2022-11-24T05:42:08+00:00,621,99,65,0.02933,23.8,96,,N
2022-11-24T05:42:23+00:00,622,99,65,0.02933,23.8,96,,N
2022-11-24T05:42:39+00:00,623,99,65,0.02933,23.8,96,,N
2022-11-24T05:42:54+00:00,624,99,65,3.67058,23.8,96,,N
2022-11-24T05:43:10+00:00,625,99,65,3.64614,23.8,96,,N
2022-11-24T05:43:25+00:00,626,99,65,3.67058,23.8,96,,N
2022-11-24T05:43:41+00:00,627,99,65,3.6999,23.8,96,,N
2022-11-24T05:43:56+00:00,628,99,65,3.6999,23.8,96,,N
2022-11-24T05:44:11+00:00,629,99,65,3.6999,23.8,96,,N
2022-11-24T05:44:28+00:00,630,99,65,3.6999,23.8,96,,N
2022-11-24T05:44:43+00:00,631,99,65,3.6999,23.8,96,,N
2022-11-24T05:44:59+00:00,632,99,65,3.6999,23.8,96,,N
2022-11-24T05:45:55+00:00,633,99,65,3.6999,23.8,96,,N
2022-11-24T05:46:29+00:00,634,99,61,3.6999,23.8,96,,N
2022-11-24T05:46:44+00:00,635,99,61,3.6999,25.8,96,,N
2022-11-24T05:47:00+00:00,636,99,54,3.6999,25.8,96,,N
2022-11-24T05:47:16+00:00,637,99,54,3.6999,25.8,96,,N
2022-11-24T05:47:56+00:00,638,99,54,3.6999,25.8,96,,N
2022-11-24T05:48:13+00:00,639,99,55,3.6999,25.8,96,,N
2022-11-24T05:48:31+00:00,640,99,53,3.6999,25.8,96,,N
2022-11-24T05:48:46+00:00,641,99,53,3.6999,25.8,96,,N
2022-11-24T05:49:02+00:00,642,99,53,3.6999,25.8,96,,N
2022-11-24T05:49:18+00:00,643,99,53,3.6999,25.8,96,,N
2022-11-24T05:49:34+00:00,644,99,54,3.6999,25.8,96,,N
2022-11-24T05:52:02+00:00,645,99,54,3.6999,25.8,96,,N
2022-11-24T05:52:17+00:00,646,99,54,3.6999,25.8,96,,N
2022-11-24T05:52:33+00:00,647,99,54,3.6999,25.8,96,,N
2022-11-24T05:52:48+00:00,648,26,54,3.6999,25.8,96,,N
2022-11-24T05:53:04+00:00,649,26,54,3.6999,25.8,96,,N
2022-11-24T05:53:20+00:00,650,26,54,3.6999,25.8,96,,N
2022-11-24T05:53:35+00:00,651,26,54,3.6999,25.8,96,,N
2022-11-24T05:53:51+00:00,652,26,54,3.6999,25.8,96,,N
2022-11-24T05:54:06+00:00,653,26,54,3.6999,25.8,96,,N
2022-11-24T05:54:22+00:00,654,26,54,3.6999,25.8,96,,N
2022-11-24T05:54:37+00:00,655,26,54,3.6999,25.8,96,,N
2022-11-24T05:54:53+00:00,656,26,54,3.6999,25.8,96,,N
2022-11-24T05:55:08+00:00,657,26,54,3.6999,25.8,96,,N
2022-11-24T05:55:23+00:00,658,26,54,3.6999,25.8,96,,N
2022-11-24T05:55:39+00:00,659,26,54,3.6999,25.8,96,,N
2022-11-24T05:55:55+00:00,660,26,54,3.6999,25.8,96,,N
2022-11-24T05:56:12+00:00,661,26,54,3.6999,25.8,96,,N
2022-11-24T05:56:27+00:00,662,25,54,3.6999,25.8,96,,N
2022-11-24T05:56:42+00:00,663,25,54,3.6999,25.8,96,,N
2022-11-24T05:56:58+00:00,664,24,54,3.6999,25.8,96,,N
2022-11-24T05:57:13+00:00,665,24,54,3.6999,25.8,96,,N
2022-11-24T05:57:29+00:00,666,24,54,3.6999,25.8,96,,N
2022-11-24T05:57:45+00:00,667,24,54,3.6999,25.8,96,,N
2022-11-24T05:58:00+00:00,668,24,54,3.6999,25.8,96,,N
2022-11-24T05:58:17+00:00,669,24,54,3.6999,25.8,96,,N
2022-11-24T05:58:32+00:00,670,24,54,3.6999,25.8,96,,N
2022-11-24T05:58:49+00:00,671,24,54,3.6999,25.8,96,,N
2022-11-24T05:59:04+00:00,672,24,54,3.6999,25.8,96,,N
2022-11-24T05:59:21+00:00,673,24,54,3.6999,25.8,96,,N
2022-11-24T05:59:37+00:00,674,24,54,3.6999,25.8,96,,N
2022-11-24T05:59:52+00:00,675,24,54,3.6999,25.8,96,,N
2022-11-24T06:00:08+00:00,676,24,54,3.6999,25.8,96,,N
2022-11-24T06:00:23+00:00,677,24,54,3.6999,25.8,96,,N
2022-11-24T06:00:39+00:00,678,24,54,3.6999,25.8,96,,N
2022-11-24T06:00:55+00:00,679,24,54,3.6999,25.8,96,,N
2022-11-24T06:01:10+00:00,680,22,54,3.6999,25.8,96,,N
2022-11-24T06:01:26+00:00,681,22,54,3.6999,25.8,96,,N
2022-11-24T06:01:41+00:00,682,22,54,3.6999,25.8,96,,N
2022-11-24T06:01:57+00:00,683,22,54,3.6999,25.8,96,,N
2022-11-24T06:02:12+00:00,684,22,54,3.6999,25.8,96,,N
2022-11-24T06:02:28+00:00,685,22,54,3.6999,25.8,96,,N
2022-11-24T06:02:44+00:00,686,22,54,3.6999,25.8,96,,N
2022-11-24T06:03:02+00:00,687,22,54,3.6999,25.8,96,,N
2022-11-24T06:03:20+00:00,688,22,54,3.6999,25.8,96,,N
2022-11-24T06:03:35+00:00,689,22,54,3.6999,25.8,96,,N
2022-11-24T06:03:51+00:00,690,22,54,3.6999,25.8,96,,N
2022-11-24T06:04:06+00:00,691,22,54,3.6999,25.8,96,,N
2022-11-24T06:04:21+00:00,692,22,54,3.6999,25.8,96,,N
2022-11-24T06:04:36+00:00,693,22,54,3.6999,25.8,96,,N
2022-11-24T06:04:52+00:00,694,22,54,3.6999,25.8,96,,N
2022-11-24T06:05:07+00:00,695,22,54,3.6999,25.8,96,,N
2022-11-24T06:05:23+00:00,696,22,54,3.6999,25.8,96,,N
2022-11-24T06:05:39+00:00,697,24,54,3.6999,25.8,96,,N
2022-11-24T06:05:54+00:00,698,24,54,3.6999,25.8,96,,N
2022-11-24T06:06:10+00:00,699,24,54,3.6999,25.8,96,,N
2022-11-24T06:06:27+00:00,700,24,54,3.6999,25.8,96,,N
2022-11-24T06:06:44+00:00,701,23,54,3.6999,25.8,96,,N
2022-11-24T06:06:59+00:00,702,23,54,3.6999,25.8,96,,N
2022-11-24T06:07:15+00:00,703,23,54,3.6999,25.8,96,,N
2022-11-24T06:07:30+00:00,704,23,54,3.6999,25.8,96,,N
2022-11-24T06:07:47+00:00,705,23,54,3.6999,25.8,96,,N
2022-11-24T06:08:02+00:00,706,23,54,3.6999,25.8,96,,N
2022-11-24T06:08:17+00:00,707,23,54,3.6999,25.8,96,,N
2022-11-24T06:08:34+00:00,708,23,57,3.6999,25.8,96,,N
2022-11-24T06:08:50+00:00,709,23,58,3.6999,25.8,96,,N
2022-11-24T06:09:08+00:00,710,23,58,0.03421,25.8,96,,N
2022-11-24T06:09:24+00:00,711,23,58,0.03421,25.8,96,,N
2022-11-24T06:09:43+00:00,712,23,58,0.05865,25.8,96,,N
2022-11-24T06:09:59+00:00,713,23,58,0.05865,25.8,96,,N
2022-11-24T06:10:14+00:00,714,23,58,0.05865,25.8,96,,N
2022-11-24T06:10:29+00:00,715,23,58,0.05865,25.8,96,,N
2022-11-24T06:10:45+00:00,716,23,58,0.03421,25.8,96,,N
2022-11-24T06:11:01+00:00,717,23,58,0.03421,25.8,96,,N
2022-11-24T06:11:19+00:00,718,23,58,0.03421,25.8,96,,N
2022-11-24T06:11:34+00:00,719,23,58,0.05865,25.8,96,,N
2022-11-24T06:11:50+00:00,720,23,58,0.05865,25.8,96,,N
2022-11-24T06:12:05+00:00,721,23,58,0.05865,25.8,96,,N
2022-11-24T06:12:22+00:00,722,23,58,0.05865,25.8,96,,N
2022-11-24T06:12:37+00:00,723,23,58,0.05865,25.8,96,,N
2022-11-24T06:12:52+00:00,724,23,58,0.05865,25.8,96,,N
2022-11-24T06:13:07+00:00,725,23,58,0.05865,25.8,96,,N
2022-11-24T06:13:23+00:00,726,23,58,0.02933,25.8,96,,N
2022-11-24T06:13:39+00:00,727,23,58,0.02933,25.8,96,,N
2022-11-24T06:13:55+00:00,728,23,58,0.02933,25.8,96,,N
2022-11-24T06:14:10+00:00,729,24,58,0.02933,25.8,96,,N
2022-11-24T06:14:25+00:00,730,24,58,0.02933,25.8,96,,N
2022-11-24T06:14:41+00:00,731,24,58,0.02933,25.8,96,,N
2022-11-24T06:14:56+00:00,732,24,58,0.02933,25.8,96,,N
2022-11-24T06:15:12+00:00,733,24,58,0.02933,25.8,96,,N
2022-11-24T06:15:27+00:00,734,24,58,0.02933,25.8,96,,N
2022-11-24T06:15:42+00:00,735,24,58,0.02933,25.8,96,,N
2022-11-24T06:15:58+00:00,736,24,58,0.02933,25.8,96,,N
2022-11-24T06:16:13+00:00,737,25,58,0.02933,25.8,96,,N
2022-11-24T06:16:28+00:00,738,25,59,0.02933,25.8,96,,N
2022-11-24T06:16:43+00:00,739,25,59,0.02933,25.8,96,,N
2022-11-24T06:16:59+00:00,740,25,59,0.02933,25.8,96,,N
2022-11-24T06:17:15+00:00,741,25,59,0.02933,25.8,95,,N
2022-11-24T06:17:30+00:00,742,25,59,0.02933,25.8,95,,N
2022-11-24T06:17:46+00:00,743,25,59,0.0782,25.8,95,,N
2022-11-24T06:18:01+00:00,744,25,59,0.0782,25.8,95,,N
2022-11-24T06:18:17+00:00,745,25,59,0.0782,25.8,95,,N
2022-11-24T06:18:32+00:00,746,25,60,0.0782,25.8,95,,N
2022-11-24T06:18:47+00:00,747,25,60,0.02933,25.8,95,,N
2022-11-24T06:19:04+00:00,748,25,60,0.02933,25.8,95,,N
2022-11-24T06:19:20+00:00,749,25,60,0.02933,25.8,95,,N
2022-11-24T06:19:35+00:00,750,25,60,0.02933,25.8,95,,N
2022-11-24T06:19:50+00:00,751,25,60,0.02933,25.8,95,,N
2022-11-24T06:20:05+00:00,752,25,60,0.02933,25.8,95,,N
2022-11-24T06:20:21+00:00,753,25,60,0.02933,25.8,95,,N
2022-11-24T06:20:37+00:00,754,25,60,0.02933,25.8,95,,N
2022-11-24T06:20:52+00:00,755,25,60,0.02933,25.8,95,,N
2022-11-24T06:21:07+00:00,756,25,60,0.02933,25.8,95,,N
2022-11-24T06:21:23+00:00,757,25,60,0.02933,25.8,95,,N
2022-11-24T06:21:38+00:00,758,25,60,0.02933,25.8,95,,N
2022-11-24T06:21:54+00:00,759,25,71,0.02933,25.8,95,,N
2022-11-24T06:22:10+00:00,760,25,71,0.02933,25.8,95,,N
2022-11-24T06:22:25+00:00,761,25,71,0.02933,25.8,95,,N
2022-11-24T06:22:41+00:00,762,25,71,0.02933,25.8,95,,N
2022-11-24T06:22:56+00:00,763,25,71,0.02933,25.8,95,,N
2022-11-24T06:23:12+00:00,764,25,71,0.02933,25.8,95,,N
2022-11-24T06:23:27+00:00,765,25,71,0.08309,25.8,95,,N
2022-11-24T06:23:43+00:00,766,25,71,0.08309,25.8,95,,N
2022-11-24T06:23:59+00:00,767,25,71,0.08309,25.8,95,,N
2022-11-24T09:05:49+00:00,768,25,71,0.08309,25.8,95,,N
2022-11-24T09:06:04+00:00,769,25,71,0.08309,25.8,95,,N
2022-11-24T09:06:20+00:00,770,25,71,0.08309,25.8,95,,N
2022-11-24T09:06:35+00:00,771,25,71,0.08309,25.8,95,,N
2022-11-24T09:06:51+00:00,772,25,85,0.08309,25.8,95,,N
2022-11-24T09:07:06+00:00,773,25,85,0.08309,25.8,95,,N
2022-11-24T09:07:21+00:00,774,25,80,0.08309,25.8,95,,N
2022-11-24T09:07:37+00:00,775,25,80,0.08309,25.8,95,,N
2022-11-24T09:07:53+00:00,776,25,80,0.08309,25.8,95,,N
2022-11-24T09:08:10+00:00,777,25,80,0.08309,25.8,95,,N
2022-11-24T09:08:25+00:00,778,25,80,0.08309,25.8,95,,N
2022-11-24T09:08:41+00:00,779,34,80,0.08309,25.8,95,,N
2022-11-24T09:08:57+00:00,780,34,80,0.08309,25.8,95,,N
2022-11-24T09:09:12+00:00,781,34,80,0.08309,25.8,95,,N
2022-11-24T09:09:27+00:00,782,34,80,0.08309,24.9,95,,N
2022-11-24T09:09:43+00:00,783,33,80,0.08309,24.9,95,,N
2022-11-24T09:09:58+00:00,784,33,80,0.01466,24.9,95,,N
2022-11-24T09:10:13+00:00,785,33,80,0.01466,24.9,95,,N
2022-11-24T09:10:28+00:00,786,33,80,0.01955,24.9,95,,N
2022-11-24T09:10:43+00:00,787,33,80,0.00978,24.9,95,,N
2022-11-24T09:10:59+00:00,788,33,80,0.00978,24.9,95,,N
2022-11-24T09:11:16+00:00,789,33,80,0.00978,24.9,95,,N
2022-11-24T09:11:33+00:00,790,33,80,0.00978,24.9,95,,N
2022-11-24T09:11:49+00:00,791,33,80,0.00978,24.9,95,,N
2022-11-24T09:12:05+00:00,792,33,80,0.00978,24.9,95,,N
2022-11-24T09:12:20+00:00,793,33,80,0.00978,24.9,95,,N
2022-11-24T09:12:35+00:00,794,33,80,0.00978,24.9,95,,N
2022-11-24T09:12:51+00:00,795,33,80,0.00978,24.9,95,,N
2022-11-24T09:13:07+00:00,796,33,85,0.00978,24.9,95,,N
2022-11-24T09:13:22+00:00,797,33,85,0.00978,25.3,95,,N
2022-11-24T09:13:37+00:00,798,33,85,0.00978,25.3,95,,N
2022-11-24T09:13:52+00:00,799,33,85,0.00978,25.3,95,,N
2022-11-24T09:14:07+00:00,800,33,85,0.00978,25.3,95,,N
2022-11-24T09:14:22+00:00,801,33,85,0.00978,25.3,95,,N
2022-11-24T09:14:38+00:00,802,33,85,0.00978,25.3,95,,N
2022-11-24T09:14:57+00:00,803,33,85,0.00978,25.3,97,,N
2022-11-24T09:15:15+00:00,804,33,85,0.00978,25.3,97,,N
2022-11-24T09:15:33+00:00,805,33,85,0.00978,25.3,97,,N
2022-11-24T09:15:50+00:00,806,33,85,0.00978,25.3,97,,N
2022-11-24T09:16:06+00:00,807,33,85,0.00978,25.3,97,,N
2022-11-24T09:16:21+00:00,808,33,85,0.00978,25.3,97,,N
2022-11-24T09:16:50+00:00,809,33,85,0.00978,25.3,97,,N
2022-11-24T09:17:05+00:00,810,30,85,0.00978,25.3,97,,N
2022-11-24T09:17:20+00:00,811,30,85,0.00978,25.3,97,,N
2022-11-24T09:17:35+00:00,812,30,85,0.00978,25.3,97,,N
2022-11-24T09:17:52+00:00,813,30,85,0.00978,25.3,97,,N
2022-11-24T09:18:11+00:00,814,30,85,0.00978,25.3,97,,N
2022-11-24T09:18:27+00:00,815,30,69,0.00978,25.3,97,,N
2022-11-24T09:18:44+00:00,816,30,69,0.00978,25.3,97,,N
2022-11-24T09:19:00+00:00,817,30,77,0.00978,25.3,97,,N
2022-11-24T09:19:16+00:00,818,30,75,0.00978,25.3,97,,N
2022-11-24T09:19:51+00:00,819,30,80,0.00978,25.3,97,,N
2022-11-24T09:20:09+00:00,820,30,77,0.00978,25.3,97,,N
2022-11-24T09:20:24+00:00,821,30,77,0.05865,25.3,97,,N
2022-11-24T09:20:39+00:00,822,30,77,0.05865,25.3,97,,N
2022-11-24T09:20:54+00:00,823,30,75,0.05865,25.3,97,,N
2022-11-24T09:21:10+00:00,824,30,75,0.04888,25.3,97,,N
2022-11-24T09:21:25+00:00,825,30,75,0.02933,25.3,97,,N
2022-11-24T09:21:40+00:00,826,30,75,0.02933,25.3,97,,N
2022-11-24T09:22:03+00:00,827,30,75,0.02933,24.8,97,,N
2022-11-24T09:22:18+00:00,828,30,75,0.02933,24.8,97,,N
2022-11-24T09:22:34+00:00,829,30,75,0.02933,24.8,97,,N
2022-11-24T09:22:49+00:00,830,30,75,0.02933,24.8,97,,N
2022-11-24T09:23:05+00:00,831,30,75,0.02933,24.8,97,,N
2022-11-24T09:23:20+00:00,832,30,77,0.06354,24.8,97,,N
2022-11-24T09:23:36+00:00,833,30,77,0.06354,24.8,97,,N
2022-11-24T09:23:51+00:00,834,30,79,0.06354,24.8,97,,N
2022-11-24T09:24:07+00:00,835,30,79,0.06354,24.8,97,,N
2022-11-24T09:24:22+00:00,836,30,79,0.04888,24.8,97,,N
2022-11-24T09:24:38+00:00,837,30,79,0.04888,24.8,97,,N
2022-11-24T09:24:53+00:00,838,30,79,0.04888,24.8,97,,N
2022-11-24T09:25:08+00:00,839,30,78,0.04888,24.8,97,,N
2022-11-24T09:25:24+00:00,840,30,78,0.04888,24.8,97,,N
2022-11-24T09:25:39+00:00,841,30,78,0.04888,24.8,97,,N
2022-11-24T09:25:55+00:00,842,30,77,0.04888,24.8,97,,N
2022-11-24T09:26:10+00:00,843,30,77,0.04888,24.8,97,,N
2022-11-24T09:26:25+00:00,844,30,77,0.04888,24.8,97,,N
2022-11-24T09:26:41+00:00,845,30,77,0.04888,24.8,97,,N
2022-11-24T09:26:56+00:00,846,30,77,0.04888,24.8,97,,N
2022-11-24T09:27:11+00:00,847,30,77,0.04888,24.8,97,,N
2022-11-24T09:27:27+00:00,848,30,77,0.04888,24.8,97,,N
2022-11-24T09:27:43+00:00,849,30,77,0.04888,24.8,97,,N
2022-11-24T09:27:59+00:00,850,30,77,0.04888,24.8,97,,N
2022-11-24T09:28:14+00:00,851,30,77,0.05865,24.8,97,,N
2022-11-24T09:28:30+00:00,852,30,77,0.05865,24.8,97,,N
2022-11-24T09:28:46+00:00,853,30,77,0.05865,24.8,97,,N
2022-11-24T09:29:01+00:00,854,30,77,0.05865,24.8,97,,N
2022-11-24T09:29:16+00:00,855,30,77,0.05865,24.8,97,,N
2022-11-24T09:29:32+00:00,856,30,77,0.02444,24.8,97,,N
2022-11-24T09:29:48+00:00,857,28,77,0.02444,24.8,97,,N
2022-11-24T09:30:04+00:00,858,28,77,0.02444,24.8,97,,N
2022-11-24T09:30:22+00:00,859,28,81,0.02444,24.8,97,,N
2022-11-24T09:30:37+00:00,860,28,81,0.02444,24.8,97,,N
2022-11-24T09:30:53+00:00,861,28,81,0.02444,24.8,97,,N
2022-11-24T09:31:09+00:00,862,28,81,0.01466,24.8,97,,N
2022-11-24T09:31:26+00:00,863,28,81,0.01466,24.8,97,,N
2022-11-24T09:31:41+00:00,864,28,81,0.01466,24.8,97,,N
2022-11-24T09:31:59+00:00,865,28,81,0.01466,24.8,97,,N
2022-11-24T09:32:15+00:00,866,28,81,0.01466,24.8,97,,N
2022-11-24T09:32:30+00:00,867,28,81,0.01466,24.8,97,,N
2022-11-24T09:32:46+00:00,868,28,81,0.01466,24.8,97,,N
2022-11-24T09:33:03+00:00,869,28,81,0.01466,24.8,97,,N
2022-11-24T09:33:18+00:00,870,28,77,0.01466,24.8,97,,N
2022-11-24T09:33:38+00:00,871,28,77,0.01466,24.8,97,,N
2022-11-24T09:33:55+00:00,872,28,77,0.01466,24.8,97,,N
2022-11-24T09:34:15+00:00,873,28,77,0.01466,24.8,97,,N
2022-11-24T09:34:30+00:00,874,28,77,0.01955,24.8,97,,N
2022-11-24T09:34:45+00:00,875,28,77,0.01466,24.8,97,,N
2022-11-24T09:35:01+00:00,876,28,77,0.01466,24.8,97,,N
2022-11-24T09:35:16+00:00,877,28,77,0.01466,24.8,97,,N
2022-11-24T09:35:31+00:00,878,27,77,0.01466,24.8,97,,N
2022-11-24T09:35:47+00:00,879,27,77,0.01466,24.8,97,,N
2022-11-24T09:36:04+00:00,880,28,77,0.01466,24.8,97,,N
2022-11-24T09:36:19+00:00,881,28,77,0.01955,24.8,97,,N
2022-11-24T09:36:35+00:00,882,28,77,0.01955,24.8,97,,N
2022-11-24T09:36:50+00:00,883,28,77,0.01955,24.8,97,,N
2022-11-24T09:37:06+00:00,884,28,77,0.01955,24.8,97,,N
2022-11-24T09:37:21+00:00,885,28,77,0.01955,24.8,97,,N
2022-11-24T09:37:37+00:00,886,28,77,0.01955,24.8,97,,N
2022-11-24T09:37:53+00:00,887,28,71,0.01955,24.8,97,,N
2022-11-24T09:38:08+00:00,888,28,71,0.01955,24.8,97,,N
2022-11-24T09:38:24+00:00,889,28,71,0.01955,24.8,97,,N
2022-11-24T09:38:39+00:00,890,28,71,0.01955,24.8,97,,N
2022-11-24T09:38:54+00:00,891,28,71,0.01955,24.8,96,,N
2022-11-24T09:39:10+00:00,892,28,71,0.01955,24.8,96,,N
2022-11-24T09:39:25+00:00,893,28,71,0.01955,24.8,96,,N
2022-11-24T09:39:40+00:00,894,28,71,0.01955,24.8,96,,N
2022-11-24T09:39:55+00:00,895,28,71,0.01955,24.8,96,,N
2022-11-24T09:40:10+00:00,896,28,71,0.01466,24.8,96,,N
2022-11-24T09:40:25+00:00,897,29,71,0.01466,24.8,96,,N
2022-11-24T09:40:41+00:00,898,29,71,0.01466,24.8,96,,N
2022-11-24T09:40:56+00:00,899,29,71,0.06354,24.8,96,,N
2022-11-24T09:41:13+00:00,900,29,71,0.06354,24.8,96,,N
2022-11-24T09:41:29+00:00,901,31,77,0.06354,24.8,96,,N
2022-11-24T09:41:44+00:00,902,31,77,0.06354,24.8,96,,N
2022-11-24T09:41:59+00:00,903,31,77,0.06354,24.8,96,,N
2022-11-24T09:42:15+00:00,904,31,77,0.06354,24.8,96,,N
2022-11-24T09:42:30+00:00,905,31,77,0.06354,24.8,96,,N
2022-11-24T09:42:46+00:00,906,31,77,0.06354,24.8,96,,N
2022-11-24T09:43:01+00:00,907,31,77,0.06354,24.8,96,,N
2022-11-24T09:43:17+00:00,908,33,77,0.06354,24.8,96,,N
2022-11-24T09:43:32+00:00,909,33,77,0.06354,24.8,96,,N
2022-11-24T09:43:54+00:00,910,33,77,0.06354,24.8,96,,N
2022-11-24T09:44:09+00:00,911,33,77,0.06354,24.8,96,,N
2022-11-24T09:44:24+00:00,912,33,77,0.06354,24.8,96,,N
2022-11-24T09:44:40+00:00,913,33,77,0.06354,24.8,97,,N
2022-11-24T09:44:56+00:00,914,33,77,0.06354,24.8,97,,N
2022-11-24T09:45:11+00:00,915,33,77,0.06354,24.8,97,,N
2022-11-24T09:45:27+00:00,916,33,77,0.06354,24.8,97,,N
2022-11-24T09:45:43+00:00,917,33,77,0.06354,24.8,98,,N
2022-11-24T09:45:58+00:00,918,33,77,0.06354,24.8,98,,N
2022-11-24T09:46:15+00:00,919,33,77,0.06354,24.8,98,,N
2022-11-24T09:46:30+00:00,920,33,74,0.06354,24.8,98,,N
2022-11-24T09:46:46+00:00,921,33,74,0.06354,24.8,98,,N
2022-11-24T09:47:01+00:00,922,33,74,0.06354,24.5,98,,N
2022-11-24T09:47:16+00:00,923,33,74,0.06354,24.5,98,,N
2022-11-24T09:47:33+00:00,924,33,74,0.06354,24.5,98,,N
2022-11-24T09:47:49+00:00,925,33,74,0.06354,24.5,98,,N
2022-11-24T09:48:05+00:00,926,33,74,0.06354,24.5,98,,N
2022-11-24T09:48:21+00:00,927,33,73,0.06354,24.5,98,,N
2022-11-24T09:48:36+00:00,928,33,73,0.06354,24.5,98,,N
2022-11-24T09:48:52+00:00,929,33,73,0.06354,24.5,98,,N
2022-11-24T09:49:08+00:00,930,33,73,0.06354,24.5,98,,N
2022-11-24T09:49:23+00:00,931,33,73,0.06354,24.5,98,,N
2022-11-24T09:49:41+00:00,932,33,73,0.06354,24.5,98,,N
2022-11-24T09:49:57+00:00,933,35,73,0.06354,24.5,98,,N
2022-11-24T09:50:13+00:00,934,35,73,0.06354,24.5,98,,N
2022-11-24T09:50:28+00:00,935,35,73,0.06354,24.5,98,,N
2022-11-24T09:50:44+00:00,936,35,73,0.06354,24.5,98,,N
2022-11-24T09:51:00+00:00,937,35,73,0.06354,24.5,98,,N
2022-11-24T09:51:15+00:00,938,35,73,0.06354,24.5,98,,N
2022-11-24T09:51:30+00:00,939,35,73,0.06354,24.5,98,,N
2022-11-24T09:51:45+00:00,940,35,73,0.06354,24.8,98,,N
2022-11-24T09:52:01+00:00,941,35,73,0.06354,24.8,98,,N
2022-11-24T09:52:17+00:00,942,36,73,0.06354,24.8,98,,N
2022-11-24T09:52:32+00:00,943,36,73,0.01955,24.8,98,,N
2022-11-24T09:52:48+00:00,944,36,73,0.01955,24.8,98,,N
2022-11-24T09:53:03+00:00,945,36,73,0.01955,24.8,98,,N
2022-11-24T09:53:19+00:00,946,36,73,0.01955,24.8,98,,N
2022-11-24T09:53:36+00:00,947,36,73,0.01955,24.8,98,,N
2022-11-24T09:53:52+00:00,948,37,73,0.01955,24.8,98,,N
2022-11-24T09:54:07+00:00,949,37,73,0.01955,24.5,98,,N
2022-11-24T09:54:22+00:00,950,37,73,0.03421,24.5,98,,N
2022-11-24T09:54:37+00:00,951,37,73,0.02444,24.5,98,,N
2022-11-24T09:54:53+00:00,952,37,73,0.02444,24.5,98,,N
2022-11-24T09:55:08+00:00,953,37,73,0.02444,24.5,98,,N
2022-11-24T09:55:23+00:00,954,37,73,0.02444,24.5,98,,N
2022-11-24T09:55:39+00:00,955,37,76,0.02444,24.5,98,,N
2022-11-24T09:55:55+00:00,956,37,76,0.02444,24.5,98,,N
2022-11-24T09:56:10+00:00,957,37,76,0.02444,24.5,98,,N
2022-11-24T09:56:25+00:00,958,37,76,0.02444,24.5,98,,N
2022-11-24T09:56:41+00:00,959,37,76,0.02444,24.5,98,,N
2022-11-24T09:56:57+00:00,960,37,77,0.01466,24.5,98,,N
2022-11-24T09:57:13+00:00,961,37,77,0.01466,24.5,98,,N
2022-11-24T09:57:29+00:00,962,37,77,0.01466,24.5,98,,N
2022-11-24T09:57:44+00:00,963,37,77,0.01466,24.5,98,,N
2022-11-24T09:57:59+00:00,964,37,77,0.01466,24.5,98,,N
2022-11-24T09:58:14+00:00,965,37,77,0.01466,24.5,98,,N
2022-11-24T09:58:30+00:00,966,37,77,0.01466,24.5,98,,N
2022-11-24T09:58:46+00:00,967,37,78,0.01466,24.5,98,,N
2022-11-24T09:59:02+00:00,968,37,78,0.01466,24.5,98,,N
2022-11-24T09:59:18+00:00,969,38,78,0.01466,24.5,98,,N
2022-11-24T09:59:33+00:00,970,38,78,0.01466,24.5,98,,N
2022-11-24T09:59:49+00:00,971,38,78,0.01466,24.5,98,,N
2022-11-24T10:00:04+00:00,972,38,78,0.01466,24.5,98,,N
2022-11-24T10:00:19+00:00,973,38,78,0.01466,24.5,98,,N
2022-11-24T10:00:35+00:00,974,38,78,0.01466,24.5,98,,N
2022-11-24T10:00:50+00:00,975,38,72,0.01466,24.5,98,,N
2022-11-24T10:01:06+00:00,976,38,72,0.01466,24.5,98,,N
2022-11-24T10:01:21+00:00,977,38,73,0.01466,24.5,98,,N
2022-11-24T10:01:37+00:00,978,38,73,0.01466,24.5,98,,N
2022-11-24T10:01:52+00:00,979,38,73,0.01466,24.5,98,,N
2022-11-24T10:02:08+00:00,980,38,73,0.01466,24.5,98,,N
2022-11-24T10:02:23+00:00,981,38,73,0.02933,24.5,98,,N
2022-11-24T10:02:38+00:00,982,38,73,0.02933,24.5,98,,N
2022-11-24T10:02:53+00:00,983,38,73,0.02933,24.5,98,,N
2022-11-24T10:03:10+00:00,984,38,73,0.02933,24.5,98,,N
2022-11-24T10:03:25+00:00,985,38,73,0.02933,24.5,98,,N
2022-11-24T10:03:40+00:00,986,38,73,0.01466,24.5,98,,N
2022-11-24T10:03:56+00:00,987,38,73,0.01466,24.5,98,,N
2022-11-24T10:04:12+00:00,988,38,75,0.01955,24.5,98,,N
2022-11-24T10:04:27+00:00,989,38,75,0.01955,24.5,98,,N
2022-11-24T10:04:42+00:00,990,38,75,0.01466,24.5,98,,N
2022-11-24T10:04:58+00:00,991,38,75,0.01466,24.5,98,,N
2022-11-24T10:05:13+00:00,992,38,75,0.01466,24.5,98,,N
2022-11-24T10:05:28+00:00,993,38,75,0.01466,24.5,98,,N
2022-11-24T10:05:43+00:00,994,38,75,0.01955,24.5,98,,N
2022-11-24T10:06:00+00:00,995,38,75,0.01955,24.5,98,,N
2022-11-24T10:06:15+00:00,996,39,75,0.01955,24.5,98,,N
2022-11-24T10:06:30+00:00,997,39,75,0.01955,24.5,98,,N
2022-11-24T10:06:45+00:00,998,39,75,0.01955,24.5,98,,N
2022-11-24T10:07:01+00:00,999,39,72,0.01955,24.5,98,,N
2022-11-24T10:07:16+00:00,1000,39,72,0.01955,24.5,98,,N
2022-11-24T10:07:32+00:00,1001,39,72,0.03421,24.5,98,,N
2022-11-24T10:07:47+00:00,1002,39,72,0.03421,24.5,98,,N
2022-11-24T10:08:02+00:00,1003,39,72,0.03421,24.8,98,,N
2022-11-24T10:08:19+00:00,1004,39,72,0.03421,24.8,98,,N
2022-11-24T10:08:34+00:00,1005,39,72,0.03421,24.8,98,,N
2022-11-24T10:08:50+00:00,1006,39,72,0.03421,24.8,98,,N
2022-11-24T10:09:05+00:00,1007,39,72,0.03421,24.8,98,,N
2022-11-24T10:09:20+00:00,1008,39,72,0.01466,24.8,98,,N
2022-11-24T10:09:36+00:00,1009,39,72,0.01466,24.8,98,,N
2022-11-24T10:09:52+00:00,1010,39,72,0.01466,24.8,98,,N
2022-11-24T10:10:07+00:00,1011,39,72,0.01466,24.8,98,,N
2022-11-24T10:10:22+00:00,1012,39,72,0.01466,24.8,98,,N
2022-11-24T10:10:37+00:00,1013,39,72,0.01466,24.8,98,,N
2022-11-24T10:10:53+00:00,1014,39,72,0.01466,24.8,98,,N
2022-11-24T10:11:08+00:00,1015,39,73,0.01955,24.8,98,,N
2022-11-24T10:11:23+00:00,1016,39,73,0.01955,24.8,98,,N
2022-11-24T10:11:39+00:00,1017,39,75,0.01955,24.8,98,,N
2022-11-24T10:11:54+00:00,1018,39,75,0.02444,24.8,98,,N
2022-11-24T10:12:09+00:00,1019,39,75,0.02444,24.8,98,,N
2022-11-24T10:12:24+00:00,1020,39,73,0.02444,24.8,98,,N
2022-11-24T10:12:39+00:00,1021,39,73,0.02444,24.8,98,,N
2022-11-24T10:12:55+00:00,1022,39,71,0.02444,24.8,98,,N
2022-11-24T10:13:11+00:00,1023,39,71,0.02444,24.8,98,,N
2022-11-24T10:13:26+00:00,1024,39,71,0.02444,24.8,98,,N
2022-11-24T10:13:41+00:00,1025,39,71,0.02444,24.8,98,,N
2022-11-24T10:13:57+00:00,1026,39,71,0.02444,24.8,98,,N
2022-11-24T10:14:12+00:00,1027,39,75,0.02444,24.8,98,,N
2022-11-24T10:14:27+00:00,1028,39,75,0.02444,24.8,98,,N
2022-11-24T10:14:43+00:00,1029,39,75,0.02444,24.8,98,,N
2022-11-24T10:14:58+00:00,1030,39,75,0.02444,24.8,98,,N
2022-11-24T10:15:14+00:00,1031,39,75,0.02444,24.8,98,,N
2022-11-24T10:15:29+00:00,1032,39,75,0.02444,24.8,98,,N
2022-11-24T10:15:44+00:00,1033,39,73,0.00978,24.8,98,,N
2022-11-24T10:15:59+00:00,1034,39,73,0.00978,24.8,98,,N
2022-11-24T10:16:15+00:00,1035,39,73,0.00978,24.8,98,,N
2022-11-24T10:16:30+00:00,1036,39,73,0.02444,24.8,98,,N
2022-11-24T10:16:45+00:00,1037,39,73,0.02444,24.8,98,,N
2022-11-24T10:17:01+00:00,1038,39,73,0.02444,24.8,98,,N
2022-11-24T10:17:17+00:00,1039,40,73,0.02444,24.8,98,,N
2022-11-24T10:17:32+00:00,1040,40,73,0.02444,24.8,98,,N
2022-11-24T10:17:49+00:00,1041,40,73,0.02444,24.8,98,,N
2022-11-24T10:18:04+00:00,1042,40,73,0.02444,24.5,98,,N
2022-11-24T10:18:20+00:00,1043,40,73,0.02444,24.5,98,,N
2022-11-24T10:18:35+00:00,1044,40,73,0.02444,24.5,98,,N
2022-11-24T10:18:51+00:00,1045,40,74,0.02444,24.5,98,,N
2022-11-24T10:19:06+00:00,1046,40,74,0.02444,24.5,98,,N
2022-11-24T10:19:21+00:00,1047,40,74,0.02444,24.5,98,,N
2022-11-24T10:19:36+00:00,1048,40,74,0.02444,24.5,98,,N
2022-11-24T10:19:52+00:00,1049,39,74,0.02444,24.5,98,,N
2022-11-24T10:20:07+00:00,1050,39,74,0.02444,24.5,98,,N
2022-11-24T10:20:23+00:00,1051,39,74,0.02444,24.8,98,,N
2022-11-24T10:20:39+00:00,1052,40,74,0.02444,24.8,98,,N
2022-11-24T10:20:54+00:00,1053,40,74,0.02444,24.8,98,,N
2022-11-24T10:21:10+00:00,1054,40,74,0.02444,24.8,95,,N
2022-11-24T10:21:25+00:00,1055,40,74,0.02444,24.8,95,,N
2022-11-24T10:21:41+00:00,1056,40,74,0.0391,24.8,95,,N
2022-11-24T10:21:56+00:00,1057,40,74,0.0391,24.8,95,,N
2022-11-24T10:22:11+00:00,1058,40,74,0.0391,24.8,95,,N
2022-11-24T10:22:28+00:00,1059,40,74,0.0391,24.8,95,,N
2022-11-24T10:22:43+00:00,1060,40,74,0.0391,24.8,95,,N
2022-11-24T10:22:59+00:00,1061,40,76,0.0391,24.8,95,,N
2022-11-24T10:23:17+00:00,1062,40,76,0.0391,24.8,95,,N
2022-11-24T10:23:44+00:00,1063,40,73,0.0391,24.8,95,,N
2022-11-24T10:23:59+00:00,1064,40,78,0.0391,24.8,95,,N
2022-11-24T10:24:14+00:00,1065,40,78,0.0391,24.8,95,,N
2022-11-24T10:24:32+00:00,1066,40,79,0.0391,24.8,95,,N
2022-11-24T10:24:47+00:00,1067,40,79,0.0391,24.8,95,,N
2022-11-24T10:25:02+00:00,1068,40,79,0.0391,24.8,95,,N
2022-11-24T10:25:17+00:00,1069,40,79,0.0391,24.8,95,,N
2022-11-24T10:25:33+00:00,1070,40,79,0.0391,24.8,95,,N
2022-11-24T10:25:48+00:00,1071,40,79,0.0391,24.8,95,,N
2022-11-24T10:26:04+00:00,1072,40,79,0.0391,25.3,95,,N
2022-11-24T10:26:21+00:00,1073,40,76,0.0391,25.3,95,,N
2022-11-24T10:29:47+00:00,1074,40,76,0.0391,25.3,95,,N
2022-11-24T10:32:12+00:00,1075,40,76,0.0391,25.3,95,,N
2022-11-24T10:32:29+00:00,1076,40,76,0.0391,25.3,95,,N
2022-11-24T11:00:53+00:00,1077,40,76,0.0391,25.3,95,,N
2022-11-24T11:10:41+00:00,1078,40,76,0.0391,25.3,95,,N
2022-11-24T11:10:56+00:00,1079,40,76,0.02933,25.3,95,,N
2022-11-24T11:11:12+00:00,1080,40,76,0.02933,25.3,95,,N
2022-11-24T11:11:28+00:00,1081,40,80,0.02933,25.3,95,,N
2022-11-24T11:11:43+00:00,1082,40,80,0.02933,25.3,95,,N
2022-11-24T11:11:58+00:00,1083,40,80,0.02933,25.3,95,,N
2022-11-24T11:12:13+00:00,1084,40,80,0.02933,24.5,95,,N
2022-11-24T11:12:28+00:00,1085,40,80,0.02933,24.5,95,,N
2022-11-26T14:53:26+00:00,1086,40,80,0.02933,24.5,98,,T
2022-11-26T14:53:42+00:00,1087,40,98,0.02933,24.5,98,,T
2022-11-26T14:54:01+00:00,1088,40,98,0.02933,24.5,98,,T
2022-11-26T14:54:40+00:00,1089,40,98,0.02933,24.5,98,,T
2022-11-26T14:54:56+00:00,1090,40,98,0.02444,24.5,98,,T
2022-11-26T14:55:14+00:00,1091,40,98,0.02444,24.5,98,,T
2022-11-26T14:55:29+00:00,1092,40,98,0.01955,24.5,98,,T
2022-11-26T14:55:46+00:00,1093,40,98,0.01955,24.5,98,,T
2022-11-26T14:56:01+00:00,1094,40,98,0.01955,26.2,98,,T
2022-11-26T14:56:17+00:00,1095,40,98,0.01466,26.2,98,,T
2022-11-26T14:56:34+00:00,1096,40,98,0.01466,26.2,98,,T
2022-11-26T14:56:49+00:00,1097,40,98,0.01466,26.2,98,,T
2022-11-26T14:57:05+00:00,1098,40,98,0.01466,26.2,98,,T
2022-11-26T14:57:20+00:00,1099,40,98,0.02933,26.2,98,,T
2022-11-26T14:57:36+00:00,1100,40,98,0.02933,26.2,98,,T
2022-11-26T14:57:51+00:00,1101,40,98,0.02933,26.2,98,,T
2022-11-26T14:58:06+00:00,1102,40,98,0.02933,26.2,98,,T
2022-11-26T14:58:22+00:00,1103,40,98,0.02933,26.2,98,,T
2022-11-26T14:58:37+00:00,1104,40,98,0.02933,26.2,98,,T
2022-11-26T14:58:53+00:00,1105,40,98,0.02933,26.2,98,,T
2022-11-26T14:59:08+00:00,1106,40,98,0.02933,26.2,98,,T
2022-11-26T14:59:23+00:00,1107,40,98,0.02933,26.2,98,,T
2022-11-26T14:59:38+00:00,1108,40,98,0.02933,26.2,98,,T
2022-11-26T14:59:53+00:00,1109,40,98,0.02933,26.2,98,,T
2022-11-26T15:00:09+00:00,1110,40,98,0.02933,26.2,98,,T
2022-11-26T15:00:25+00:00,1111,40,98,0.02933,26.2,98,,T
2022-11-26T15:00:41+00:00,1112,40,98,0.02933,26.2,98,,T
2022-11-26T15:00:57+00:00,1113,40,98,0.02933,26.2,98,,T
2022-11-26T15:01:12+00:00,1114,40,98,0.02933,26.2,98,,T
2022-11-26T15:01:27+00:00,1115,40,98,0.02933,26.2,98,,T
2022-11-26T15:01:43+00:00,1116,40,98,0.02933,26.2,98,,T
2022-11-26T15:02:00+00:00,1117,40,98,0.02933,26.2,98,,T
2022-11-26T15:02:15+00:00,1118,22,98,0.02933,26.2,98,,T
2022-11-26T15:02:30+00:00,1119,22,98,0.02933,26.2,98,,T
2022-11-26T15:02:46+00:00,1120,22,98,0.02933,26.2,98,,T
2022-11-26T15:03:02+00:00,1121,22,98,0.02933,26.2,98,,T
2022-11-26T15:03:17+00:00,1122,22,98,0.02933,26.2,98,,T
2022-11-26T15:03:34+00:00,1123,22,98,0.02933,26.2,98,,T
2022-11-26T15:03:51+00:00,1124,22,98,0.02933,26.2,98,,T
2022-11-26T15:04:07+00:00,1125,22,98,0.02933,26.2,98,,T
2022-11-26T15:04:22+00:00,1126,22,98,0.02933,26.2,98,,T
2022-11-26T15:04:38+00:00,1127,22,98,0.02933,26.2,98,,T
2022-11-26T15:04:53+00:00,1128,22,98,0.02933,26.2,98,,T
2022-11-26T15:05:09+00:00,1129,22,98,0.02933,26.2,98,,T
2022-11-26T15:05:25+00:00,1130,22,98,0.02933,26.2,98,,T
2022-11-26T15:05:42+00:00,1131,22,98,0.02933,26.2,98,,T
2022-11-26T15:05:57+00:00,1132,22,98,0.02933,26.2,98,,T
2022-11-26T15:06:12+00:00,1133,22,98,0.02933,26.2,100,,T
2022-11-26T15:06:28+00:00,1134,22,98,0.02933,26.2,100,,T
2022-11-26T15:06:43+00:00,1135,22,98,0.02933,26.2,100,,T
2022-11-26T15:06:59+00:00,1136,22,98,0.02933,26.2,100,,T
2022-11-26T15:07:17+00:00,1137,22,98,0.02933,26.2,100,,T
2022-11-26T15:07:33+00:00,1138,22,98,0.02933,26.2,100,,T
2022-11-26T15:07:50+00:00,1139,22,98,0.02933,26.2,100,,T
2022-11-26T15:08:05+00:00,1140,22,98,0.02933,26.2,100,,T
2022-11-26T15:08:22+00:00,1141,22,98,0.02933,26.2,100,,T
2022-11-26T15:08:37+00:00,1142,22,98,0.02933,26.2,100,,T
2022-11-26T15:08:53+00:00,1143,22,98,0.02933,26.2,100,,T
2022-11-26T15:09:09+00:00,1144,22,98,0.02933,26.2,100,,T
2022-11-26T15:09:24+00:00,1145,22,98,0.02933,26.2,100,,T
2022-11-26T15:09:41+00:00,1146,22,98,0.02933,26.2,100,,T
2022-11-26T15:09:56+00:00,1147,27,98,0.02933,26.2,100,,T
2022-11-26T15:10:11+00:00,1148,27,98,0.02933,26.2,100,,T
2022-11-26T15:10:42+00:00,1149,27,98,0.02933,26.2,100,,T
2022-11-26T15:35:42+00:00,1150,27,98,0.02933,26.2,100,,T
2022-11-26T15:35:57+00:00,1151,27,98,0.02933,26.2,100,,T
2022-11-26T15:36:12+00:00,1152,27,98,0.02933,26.2,100,,T
2022-11-26T15:36:28+00:00,1153,27,98,0.02933,26.2,100,,T
2022-11-26T15:36:43+00:00,1154,0,98,0.02933,26.2,100,,T
2022-11-26T15:36:58+00:00,1155,0,98,0.02933,26.2,100,,T
2022-11-26T15:37:14+00:00,1156,0,98,0.02933,26.2,100,,T
2022-11-26T15:37:30+00:00,1157,0,98,0.02933,26.2,100,,T
2022-11-26T15:37:45+00:00,1158,0,98,0.02933,26.2,100,,T
2022-11-26T15:38:01+00:00,1159,0,98,0.02933,26.2,100,,T
2022-11-26T15:38:16+00:00,1160,0,98,0.02933,26.2,100,,T
2022-11-26T15:38:32+00:00,1161,0,98,0.02933,26.2,100,,T
2022-11-26T15:38:48+00:00,1162,0,98,0.02933,26.2,100,,T
2022-11-26T15:39:04+00:00,1163,0,98,0.02933,26.2,100,,T
2022-11-26T15:39:19+00:00,1164,0,98,0.02933,26.2,100,,T
2022-11-26T15:39:35+00:00,1165,0,98,0.02933,26.2,100,,T
2022-11-26T15:39:52+00:00,1166,0,98,0.02933,26.2,100,,T
2022-11-26T15:40:07+00:00,1167,0,98,0.02933,26.2,100,,T
2022-11-26T15:40:22+00:00,1168,0,98,0.02933,26.2,100,,T
2022-11-26T15:41:02+00:00,1169,0,98,0.02933,26.2,100,,T
2022-11-26T15:41:18+00:00,1170,0,98,0.02933,26.2,100,,T
2022-11-26T15:41:53+00:00,1171,0,98,0.02933,26.2,100,,T
2022-11-26T15:42:18+00:00,1172,0,96,0.02933,26.2,100,,T
2022-11-26T15:42:33+00:00,1173,0,96,0.02933,26.2,100,,T
2022-11-26T15:42:49+00:00,1174,0,96,0.02933,26.2,100,,T
2022-11-26T15:43:04+00:00,1175,0,96,0.02933,26.2,100,,T
2022-11-26T15:43:20+00:00,1176,0,96,0.02933,26.2,100,,T
2022-11-26T15:43:35+00:00,1177,0,96,0.02933,26.2,100,,T
2022-11-26T15:43:51+00:00,1178,0,96,0.02933,26.2,100,,T
2022-11-26T15:44:10+00:00,1179,0,96,0.02933,26.2,100,,T
2022-11-26T15:44:26+00:00,1180,0,96,0.02933,26.2,100,,T
2022-11-26T15:44:41+00:00,1181,0,96,0.02933,26.2,100,,T
2022-11-26T15:44:57+00:00,1182,0,96,0.02933,26.2,100,,T
2022-11-26T15:45:12+00:00,1183,0,96,0.02933,26.2,100,,T
2022-11-26T15:45:27+00:00,1184,0,96,0.02933,26.2,100,,T
2022-11-26T15:45:43+00:00,1185,0,96,0.02933,26.2,100,,T
2022-11-26T15:45:58+00:00,1186,0,96,0.02933,26.2,100,,T
2022-11-26T15:46:34+00:00,1187,0,96,0.02933,26.2,100,,T
2022-11-26T15:46:50+00:00,1188,0,96,0.02933,26.2,100,,T
2022-11-26T15:47:05+00:00,1189,0,96,0.02933,26.2,100,,T
2022-11-26T17:26:42+00:00,1190,0,96,0.02933,26.2,100,,T
2022-11-26T17:26:57+00:00,1191,0,96,0.02933,26.2,100,,T
2022-11-26T17:27:13+00:00,1192,0,96,0.02933,26.2,100,,T
2022-11-26T17:27:29+00:00,1193,0,96,0.02933,26.2,100,,T
2022-11-26T17:27:44+00:00,1194,36,96,0.02933,26.2,100,,T
2022-11-26T17:28:00+00:00,1195,36,96,0.02933,26.2,100,,T
2022-11-26T17:28:16+00:00,1196,36,96,0.02933,26.2,100,,T
2022-11-26T17:28:32+00:00,1197,36,96,0.02933,26.2,100,,T
2022-11-26T17:28:48+00:00,1198,37,96,0.02933,26.2,100,,T
2022-11-26T17:29:03+00:00,1199,37,96,0.02933,26.2,100,,T
2022-11-26T17:29:19+00:00,1200,37,96,0.02933,26.2,100,,T
2022-11-26T17:29:35+00:00,1201,37,96,0.02933,26.2,100,,T
2022-11-26T17:29:50+00:00,1202,37,96,0.02933,26.2,100,,T
2022-11-26T17:30:06+00:00,1203,37,96,0.02933,26.2,100,,T
2022-11-26T17:30:21+00:00,1204,37,96,0.02933,26.2,100,,T
2022-11-26T17:30:36+00:00,1205,37,96,0.02933,26.2,100,,T
2022-11-26T17:30:52+00:00,1206,37,96,0.02933,26.2,100,,T
2022-11-26T17:31:08+00:00,1207,36,96,0.02933,26.2,100,,T
2022-11-26T17:31:24+00:00,1208,36,96,0.02933,26.2,100,,T
2022-11-26T17:31:39+00:00,1209,36,96,0.02933,26.2,100,,T
2022-11-26T17:31:54+00:00,1210,36,96,0.02933,26.2,100,,T
2022-11-26T17:32:10+00:00,1211,36,96,0.02933,26.2,100,,T
2022-11-26T17:32:25+00:00,1212,36,96,0.02933,26.2,100,,T
2022-11-26T17:32:41+00:00,1213,36,96,0.02933,26.2,100,,T
2022-11-26T17:32:58+00:00,1214,36,96,0.02933,26.2,100,,T
2022-11-26T17:33:18+00:00,1215,36,96,0.02933,26.2,100,,T
2022-11-26T17:33:33+00:00,1216,36,96,0.02933,26.2,100,,T
2022-11-26T17:33:50+00:00,1217,36,96,0.02933,26.2,100,,T
2022-11-26T17:34:06+00:00,1218,36,96,0.02933,26.2,100,,T
2022-11-26T17:34:42+00:00,1219,36,96,0.02933,26.2,100,,T
2022-11-26T17:35:00+00:00,1220,36,96,0.02933,26.2,100,,T
2022-11-26T17:35:16+00:00,1221,36,96,0.02933,26.2,100,,T
2022-11-26T17:37:35+00:00,1222,36,96,0.02933,26.2,100,,T
2022-11-26T17:37:50+00:00,1223,37,96,0.02933,26.2,100,,T
2022-11-26T17:38:05+00:00,1224,37,96,0.02933,26.2,100,,T
2022-11-26T17:38:21+00:00,1225,37,96,0.02933,26.2,100,,T
2022-11-26T17:38:39+00:00,1226,37,96,0.02933,26.2,100,,T
2022-11-26T17:38:56+00:00,1227,37,96,0.02933,26.2,100,,T
2022-11-26T17:39:11+00:00,1228,37,96,0.02933,26.2,100,,T
2022-11-26T17:39:26+00:00,1229,37,96,0.02933,26.2,100,,T
2022-11-26T17:39:45+00:00,1230,37,96,0.02933,26.2,100,,T
2022-11-26T17:40:01+00:00,1231,37,96,0.02933,26.2,100,,T
2022-11-27T10:26:15+00:00,1232,37,96,0.02933,26.2,100,,T
2022-11-27T10:26:30+00:00,1233,37,96,0.02933,26.2,95,,N
2022-11-27T10:26:45+00:00,1234,37,96,0.02933,26.2,95,,N
2022-11-27T10:27:03+00:00,1235,37,96,0.02933,26.2,95,,N
2022-11-27T10:27:18+00:00,1236,27,96,0.02933,26.2,95,,N
2022-11-27T10:27:34+00:00,1237,27,96,0.02933,26.2,95,,N
2022-11-27T10:27:50+00:00,1238,27,96,0.02933,26.2,95,,N
2022-11-27T10:28:29+00:00,1239,27,96,0.02933,26.2,95,,N
2022-11-27T10:28:44+00:00,1240,27,96,0.02933,26.2,95,,N
2022-11-27T10:29:00+00:00,1241,27,96,0.02933,26.2,95,,N
2022-11-27T10:29:37+00:00,1242,27,96,0.02933,26.2,95,,N
2022-11-27T10:29:52+00:00,1243,27,96,0.02933,26.2,95,,N
2022-11-27T10:30:07+00:00,1244,27,96,0.02933,26.2,95,,N
2022-11-27T10:30:22+00:00,1245,27,96,0.02933,26.2,95,,N
2022-11-27T10:30:39+00:00,1246,27,96,0.02933,26.2,95,,N
2022-11-27T10:30:55+00:00,1247,27,96,0.02933,26.2,95,,N
2022-11-27T10:31:11+00:00,1248,27,96,0.02933,26.2,95,,N
2022-11-27T10:31:26+00:00,1249,27,96,0.02933,26.2,95,,N
2022-11-27T10:31:42+00:00,1250,27,96,0.02933,26.2,95,,N
2022-11-27T10:31:57+00:00,1251,27,96,0.02933,26.2,95,,N
2022-11-27T10:32:13+00:00,1252,27,96,0.02933,26.2,95,,N
2022-11-27T10:32:29+00:00,1253,27,96,0.02933,26.2,95,,N
2022-11-27T10:32:53+00:00,1254,27,96,0.02933,26.2,95,,N
2022-11-27T10:33:17+00:00,1255,27,96,0.02933,26.2,95,,N
2022-11-27T10:33:33+00:00,1256,27,96,0.02933,26.2,95,,N
2022-11-27T10:33:50+00:00,1257,27,96,0.02933,26.2,95,,N
2022-11-27T10:34:06+00:00,1258,27,96,0.02933,26.2,95,,N
2022-11-27T10:34:21+00:00,1259,27,96,0.02933,26.2,95,,N
2022-11-27T10:34:37+00:00,1260,27,96,0.02933,26.2,95,,N
2022-11-27T10:34:52+00:00,1261,27,96,0.02933,26.2,95,,N
2022-11-27T10:35:08+00:00,1262,27,96,0.01466,26.2,95,,N
2022-11-27T10:35:24+00:00,1263,27,96,0.01466,26.2,95,,N
2022-11-27T10:35:39+00:00,1264,27,96,0.01466,26.2,95,,N
2022-11-27T10:41:26+00:00,1265,27,96,0.05865,26.2,95,,N
2022-11-27T10:41:51+00:00,1266,27,96,0.05865,26.7,95,,N
2022-11-27T10:42:06+00:00,1267,27,96,0.05865,26.7,95,,N
2022-11-27T10:42:21+00:00,1268,27,96,0.05865,26.7,95,,N
2022-11-27T10:42:36+00:00,1269,28,96,0.05865,26.7,95,,N
2022-11-27T10:42:52+00:00,1270,28,96,0.05865,26.7,95,,N
2022-11-27T10:43:08+00:00,1271,28,96,0.05865,26.7,95,,N
2022-11-27T10:43:23+00:00,1272,28,96,0.02933,26.7,95,,N
2022-11-27T10:43:38+00:00,1273,28,96,0.02933,26.7,95,,N
2022-11-27T10:43:54+00:00,1274,28,96,0.02933,26.7,95,,N
2022-11-27T10:44:09+00:00,1275,28,96,0.02933,26.7,95,,N
2022-11-27T10:44:24+00:00,1276,28,96,0.02933,26.7,95,,N
2022-11-27T10:44:39+00:00,1277,28,96,0.02933,26.7,95,,N
2022-11-27T10:44:54+00:00,1278,28,96,0.02933,26.7,95,,N
2022-11-27T10:45:09+00:00,1279,28,96,0.02933,26.7,95,,N
2022-11-27T10:45:31+00:00,1280,28,96,0.02933,26.7,95,,N
2022-11-27T10:51:32+00:00,1281,28,96,0.02933,26.7,95,,N
2022-11-27T10:54:13+00:00,1282,28,98,0.02933,26.7,95,,N
2022-11-27T10:55:13+00:00,1283,28,98,0.02933,26.7,95,,N
2022-11-27T10:55:29+00:00,1284,28,98,0.02933,26.7,95,,N
2022-11-27T10:55:45+00:00,1285,28,98,0.02933,26.7,95,,N
2022-11-27T10:56:01+00:00,1286,28,98,0.02933,26.7,95,,N
2022-11-27T10:58:28+00:00,1287,28,98,0.02933,26.7,95,,N
2022-11-27T10:58:49+00:00,1288,28,98,0.02933,26.7,95,,N
2022-11-27T10:59:05+00:00,1289,27,98,0.02933,26.7,95,,N
2022-11-27T10:59:21+00:00,1290,27,98,0.02933,26.7,95,,N
2022-11-27T10:59:37+00:00,1291,26,98,0.02933,26.7,95,,N
2022-11-27T10:59:53+00:00,1292,26,98,0.02933,26.7,95,,N
2022-11-27T11:00:09+00:00,1293,26,98,0.02933,26.7,95,,N
2022-11-27T11:00:28+00:00,1294,26,98,0.02933,26.7,95,,N
2022-11-27T11:00:45+00:00,1295,26,98,0.02933,26.7,95,,N
2022-11-27T11:01:00+00:00,1296,26,98,0.02933,26.7,95,,N
2022-11-27T11:01:16+00:00,1297,26,98,0.02933,26.7,96,,N
2022-11-27T11:01:32+00:00,1298,26,98,0.02933,26.7,96,,N
2022-11-27T11:01:48+00:00,1299,26,98,0.02933,26.7,96,,N
2022-11-27T11:02:03+00:00,1300,26,98,0.02933,26.7,96,,N
2022-11-27T11:02:18+00:00,1301,26,98,0.02933,26.7,96,,N
2022-11-27T11:02:35+00:00,1302,27,98,0.02933,26.7,96,,N
2022-11-27T11:02:50+00:00,1303,27,98,0.02933,26.7,96,,N
2022-11-27T11:03:05+00:00,1304,27,98,0.02933,26.7,96,,N
2022-11-27T11:03:20+00:00,1305,27,98,0.02933,26.7,96,,N
2022-11-27T11:03:35+00:00,1306,27,98,0.02933,26.7,96,,N
2022-11-27T11:03:52+00:00,1307,28,98,0.02933,26.7,96,,N
2022-11-27T11:04:07+00:00,1308,28,98,0.02933,27.1,96,,N
2022-11-27T11:04:22+00:00,1309,28,98,0.02933,27.1,96,,N
2022-11-27T11:04:38+00:00,1310,28,98,0.02933,27.1,96,,N
2022-11-27T11:04:53+00:00,1311,28,98,0.02933,27.1,96,,N
2022-11-27T11:05:09+00:00,1312,28,98,0.02933,27.1,96,,N
2022-11-27T11:05:24+00:00,1313,27,98,0.02933,27.1,96,,N
2022-11-27T11:05:39+00:00,1314,27,98,0.02933,27.1,96,,N
2022-11-27T11:05:55+00:00,1315,28,98,0.02933,27.1,96,,N
2022-11-27T11:06:10+00:00,1316,28,98,0.02933,27.1,96,,N
2022-11-27T11:06:26+00:00,1317,28,98,0.02933,27.1,96,,N
2022-11-27T11:06:42+00:00,1318,28,98,0.02933,27.1,96,,N
2022-11-27T11:06:58+00:00,1319,28,98,0.02933,27.1,96,,N
2022-11-27T11:07:13+00:00,1320,28,98,0.02933,26.7,96,,N
2022-11-27T11:07:28+00:00,1321,28,98,0.02933,26.7,96,,N
2022-11-27T11:07:44+00:00,1322,28,98,0.02933,26.7,96,,N
2022-11-27T11:07:59+00:00,1323,28,98,0.02933,26.7,96,,N
2022-11-27T11:08:14+00:00,1324,28,98,0.02933,26.7,96,,N
2022-11-27T11:08:30+00:00,1325,28,98,0.02933,26.7,96,,N
2022-11-27T11:08:45+00:00,1326,28,98,0.02933,26.7,96,,N
2022-11-27T11:09:01+00:00,1327,28,98,0.02933,26.7,96,,N
2022-11-27T11:09:16+00:00,1328,28,98,0.02933,26.7,96,,N
2022-11-27T11:09:34+00:00,1329,28,98,0.02933,26.7,96,,N
2022-11-27T11:09:50+00:00,1330,28,98,0.02933,26.7,96,,N
2022-11-27T11:10:17+00:00,1331,28,98,0.02933,26.7,96,,N
2022-11-27T11:10:32+00:00,1332,28,98,0.02933,26.7,96,,N
2022-11-27T11:10:47+00:00,1333,28,94,0.02933,26.7,96,,N
2022-11-27T11:11:02+00:00,1334,28,94,0.03421,26.7,96,,N
2022-11-27T11:11:17+00:00,1335,28,94,0.03421,26.7,96,,N
2022-11-27T11:11:33+00:00,1336,28,94,0.03421,26.7,96,,N
2022-11-27T11:11:48+00:00,1337,28,94,0.03421,26.7,96,,N
2022-11-27T11:12:04+00:00,1338,28,94,0.02933,26.7,96,,N
2022-11-27T11:12:19+00:00,1339,28,94,0.02933,26.7,96,,N
2022-11-27T11:12:34+00:00,1340,28,90,0.02933,26.7,96,,N
2022-11-27T11:12:50+00:00,1341,28,90,0.02933,26.7,96,,N
2022-11-27T11:13:09+00:00,1342,28,90,0.03421,26.7,96,,N
2022-11-27T11:13:24+00:00,1343,28,90,0.03421,26.7,96,,N
2022-11-27T11:13:45+00:00,1344,28,90,0.03421,26.7,96,,N
2022-11-27T11:14:03+00:00,1345,28,88,0.03421,26.7,96,,N
2022-11-27T11:14:23+00:00,1346,28,88,0.03421,26.7,96,,N
2022-11-27T11:14:40+00:00,1347,28,88,0.03421,26.7,96,,N
2022-11-27T11:15:03+00:00,1348,28,88,0.03421,26.7,96,,N
2022-11-27T11:15:19+00:00,1349,29,88,0.03421,26.7,96,,N
2022-11-27T11:15:35+00:00,1350,29,88,0.03421,26.2,96,,N
2022-11-27T11:15:50+00:00,1351,29,85,0.03421,26.2,96,,N
2022-11-27T11:16:06+00:00,1352,29,85,0.03421,26.2,96,,N
2022-11-27T11:16:21+00:00,1353,29,85,0.03421,26.2,96,,N
2022-11-27T11:16:37+00:00,1354,29,85,0.03421,26.2,96,,N
2022-11-27T11:16:52+00:00,1355,29,85,0.03421,26.2,96,,N
2022-11-27T11:17:08+00:00,1356,29,85,0.03421,26.2,96,,N
2022-11-27T11:17:24+00:00,1357,29,85,0.03421,26.2,96,,N
2022-11-27T11:17:39+00:00,1358,29,85,0.03421,26.2,96,,N
2022-11-27T11:17:54+00:00,1359,29,85,0.03421,26.2,96,,N
2022-11-27T11:18:09+00:00,1360,29,85,0.03421,26.2,96,,N
2022-11-27T11:18:25+00:00,1361,29,85,0.03421,26.2,96,,N
2022-11-27T11:18:41+00:00,1362,29,83,0.03421,26.2,96,,N
2022-11-27T11:18:56+00:00,1363,29,83,0.03421,26.2,96,,N
2022-11-27T11:19:12+00:00,1364,29,83,0.03421,26.2,96,,N
2022-11-27T11:19:27+00:00,1365,29,83,0.03421,26.2,96,,N
2022-11-27T11:19:43+00:00,1366,29,83,0.03421,26.2,96,,N
2022-11-27T11:19:58+00:00,1367,29,82,0.03421,26.2,96,,N
2022-11-27T11:20:14+00:00,1368,29,84,0.03421,26.2,96,,N
2022-11-27T11:20:29+00:00,1369,29,85,0.03421,26.2,96,,N
2022-11-27T11:20:44+00:00,1370,29,85,0.03421,26.2,96,,N
2022-11-27T11:21:01+00:00,1371,29,82,0.03421,26.2,96,,N
2022-11-27T11:21:16+00:00,1372,29,82,0.03421,26.2,96,,N
2022-11-27T11:21:32+00:00,1373,29,82,0.03421,26.2,96,,N
2022-11-27T11:21:47+00:00,1374,29,82,0.03421,26.2,96,,N
2022-11-27T11:22:03+00:00,1375,29,88,0.03421,26.2,96,,N
2022-11-27T11:22:18+00:00,1376,29,86,0.03421,26.2,96,,N
2022-11-27T11:22:33+00:00,1377,29,86,0.03421,26.2,96,,N
2022-11-27T11:22:48+00:00,1378,29,86,0.03421,26.2,96,,N
2022-11-27T11:23:03+00:00,1379,29,86,0.03421,26.2,96,,N
2022-11-27T11:23:19+00:00,1380,29,86,0.03421,26.2,96,,N
2022-11-27T11:23:34+00:00,1381,29,86,0.03421,26.2,96,,N
2022-11-27T11:23:50+00:00,1382,29,86,0.03421,26.2,96,,N
2022-11-27T11:24:05+00:00,1383,29,86,0.03421,26.2,96,,N
2022-11-27T11:24:21+00:00,1384,29,86,0.03421,26.2,96,,N
2022-11-27T11:24:37+00:00,1385,29,86,0.03421,26.2,96,,N
2022-11-27T11:24:53+00:00,1386,29,85,0.03421,26.2,96,,N
2022-11-27T11:25:08+00:00,1387,29,85,0.03421,26.2,96,,N
2022-11-27T11:25:25+00:00,1388,29,84,0.03421,26.2,96,,N
2022-11-27T11:25:40+00:00,1389,29,84,0.03421,26.2,96,,N
2022-11-27T11:25:56+00:00,1390,29,84,0.03421,26.2,96,,N
2022-11-27T11:26:11+00:00,1391,30,84,0.03421,26.2,96,,N
2022-11-27T11:26:26+00:00,1392,30,84,0.03421,26.2,96,,N
2022-11-27T11:26:41+00:00,1393,30,84,0.03421,26.2,96,,N
2022-11-27T11:26:57+00:00,1394,30,84,0.0391,26.2,96,,N
2022-11-27T11:27:15+00:00,1395,30,84,0.0391,26.2,96,,N
2022-11-27T11:27:30+00:00,1396,30,84,0.0391,26.2,96,,N
2022-11-27T11:27:46+00:00,1397,30,85,0.0391,26.2,96,,N
2022-11-27T11:28:02+00:00,1398,30,85,0.0391,26.2,96,,N
2022-11-27T11:28:19+00:00,1399,30,84,0.0391,26.2,96,,N
2022-11-27T11:28:34+00:00,1400,30,84,0.03421,26.2,96,,N
2022-11-27T11:28:50+00:00,1401,29,84,0.03421,26.2,96,,N
2022-11-27T11:29:05+00:00,1402,29,84,0.03421,26.2,96,,N
2022-11-27T11:29:21+00:00,1403,29,84,0.03421,26.2,96,,N
2022-11-27T11:29:36+00:00,1404,29,84,0.03421,26.2,96,,N
2022-11-27T11:29:51+00:00,1405,29,85,0.03421,26.2,96,,N
2022-11-27T11:30:07+00:00,1406,29,83,0.03421,26.2,96,,N
2022-11-27T11:30:22+00:00,1407,29,83,0.03421,26.2,96,,N
2022-11-27T11:30:38+00:00,1408,29,83,0.03421,26.2,96,,N
2022-11-27T11:30:54+00:00,1409,29,83,0.03421,26.2,96,,N
2022-11-27T11:31:09+00:00,1410,29,92,0.03421,26.2,95,,N
2022-11-27T11:31:24+00:00,1411,29,93,0.03421,26.2,95,,N
2022-11-27T11:31:43+00:00,1412,29,93,0.03421,26.2,95,,N
2022-11-27T11:32:19+00:00,1413,29,93,0.03421,26.2,95,,N
2022-11-27T11:32:34+00:00,1414,29,93,0.0391,26.2,95,,N
2022-11-27T11:32:51+00:00,1415,29,93,0.0391,26.2,95,,N
2022-11-27T11:33:06+00:00,1416,30,93,0.0391,26.2,95,,N
2022-11-27T11:33:21+00:00,1417,30,96,0.0391,26.2,95,,N
2022-11-27T11:33:36+00:00,1418,30,96,0.0391,26.2,95,,N
2022-11-27T11:33:51+00:00,1419,30,96,0.0391,26.2,95,,N
2022-11-27T11:34:08+00:00,1420,30,96,0.0391,26.2,95,,N
2022-11-27T11:34:23+00:00,1421,30,96,0.0391,26.2,95,,N
2022-11-27T11:34:39+00:00,1422,30,96,0.0391,26.2,95,,N
2022-11-27T11:34:54+00:00,1423,30,96,0.0391,26.2,95,,N
2022-11-27T11:35:09+00:00,1424,30,96,0.0391,26.2,95,,N
2022-11-27T11:35:25+00:00,1425,30,96,0.0391,26.2,95,,N
2022-11-27T11:35:41+00:00,1426,30,96,0.0391,26.2,95,,N
2022-11-27T11:35:57+00:00,1427,30,97,0.0391,26.2,95,,N
2022-11-27T11:36:12+00:00,1428,30,97,0.0391,26.2,95,,N
2022-11-27T11:36:27+00:00,1429,30,97,0.0391,26.2,95,,N
2022-11-27T11:36:42+00:00,1430,30,97,0.0391,26.2,95,,N
2022-11-27T11:36:57+00:00,1431,30,97,0.0391,26.2,95,,N
2022-11-27T11:37:12+00:00,1432,30,97,0.0391,26.2,95,,N
2022-11-27T11:37:29+00:00,1433,30,97,0.0391,26.2,95,,N
2022-11-27T11:37:44+00:00,1434,30,97,0.0391,26.2,95,,N
2022-11-27T11:38:00+00:00,1435,30,96,0.0391,26.2,95,,N
2022-11-27T11:38:15+00:00,1436,30,96,0.0391,26.2,95,,N
2022-11-27T11:38:31+00:00,1437,30,96,0.0391,26.2,95,,N
2022-11-27T11:38:46+00:00,1438,30,96,0.0391,26.2,95,,N
2022-11-27T11:39:01+00:00,1439,30,96,0.0391,26.2,95,,N
2022-11-27T11:39:17+00:00,1440,30,96,0.03421,26.2,95,,N
2022-11-27T11:39:32+00:00,1441,30,96,0.03421,26.2,95,,N
2022-11-27T11:39:47+00:00,1442,30,96,0.03421,26.2,95,,N
2022-11-27T11:40:04+00:00,1443,30,96,0.03421,26.2,95,,N
2022-11-27T11:40:19+00:00,1444,30,96,0.03421,26.2,95,,N
2022-11-27T11:40:35+00:00,1445,30,95,0.03421,26.2,95,,N
2022-11-27T11:40:50+00:00,1446,30,95,0.03421,26.2,95,,N
2022-11-27T11:41:05+00:00,1447,30,95,0.03421,26.2,95,,N
2022-11-27T11:41:21+00:00,1448,30,95,0.03421,26.2,95,,N
2022-11-27T11:41:36+00:00,1449,30,95,0.03421,26.2,95,,N
2022-11-27T11:41:52+00:00,1450,30,94,0.03421,26.2,95,,N
2022-11-27T11:42:08+00:00,1451,30,94,0.03421,26.2,95,,N
2022-11-27T11:42:23+00:00,1452,30,94,0.03421,26.2,95,,N
2022-11-27T11:42:38+00:00,1453,30,94,0.03421,26.2,95,,N
2022-11-27T11:42:54+00:00,1454,30,94,0.03421,26.2,95,,N
2022-11-27T11:43:10+00:00,1455,30,94,0.03421,26.2,95,,N
2022-11-27T11:43:25+00:00,1456,30,94,0.03421,26.2,95,,N
2022-11-27T11:43:41+00:00,1457,30,94,0.03421,26.2,95,,N
2022-11-27T11:43:57+00:00,1458,30,94,0.03421,26.2,95,,N
2022-11-27T11:44:12+00:00,1459,30,94,0.03421,26.2,95,,N
2022-11-27T11:44:28+00:00,1460,30,94,0.03421,26.2,95,,N
2022-11-27T11:44:43+00:00,1461,30,94,0.03421,26.2,95,,N
2022-11-27T11:44:58+00:00,1462,30,94,0.02933,26.2,95,,N
2022-11-27T11:45:14+00:00,1463,30,94,0.02933,26.2,95,,N
2022-11-27T11:45:30+00:00,1464,30,94,0.02933,26.2,95,,N
2022-11-27T11:45:46+00:00,1465,30,95,0.02933,26.2,95,,N
2022-11-27T11:46:02+00:00,1466,30,95,0.02933,26.2,95,,N
2022-11-27T11:46:17+00:00,1467,30,94,0.02933,26.2,95,,N
2022-11-27T11:46:33+00:00,1468,30,94,0.02933,26.2,95,,N
2022-11-27T11:46:50+00:00,1469,30,95,0.02933,26.2,95,,N
2022-11-27T11:47:05+00:00,1470,30,95,0.02933,26.2,95,,N
2022-11-27T11:47:20+00:00,1471,30,95,0.02933,26.2,95,,N
2022-11-27T11:47:35+00:00,1472,30,95,0.02933,26.2,95,,N
2022-11-27T11:47:52+00:00,1473,30,95,0.02933,26.2,95,,N
2022-11-27T11:48:07+00:00,1474,32,95,0.02933,26.2,95,,N
2022-11-27T11:48:24+00:00,1475,32,95,0.02933,26.2,95,,N
2022-11-27T11:48:39+00:00,1476,32,95,0.02933,26.2,95,,N
2022-11-27T11:48:55+00:00,1477,32,95,0.02933,25.8,95,,N
2022-11-27T11:49:10+00:00,1478,32,95,0.02933,25.8,95,,N
2022-11-27T11:49:26+00:00,1479,32,95,0.02933,25.8,95,,N
2022-11-27T11:49:41+00:00,1480,32,94,0.02933,25.8,95,,N
2022-11-27T11:49:56+00:00,1481,32,94,0.02933,25.8,95,,N
2022-11-27T11:50:12+00:00,1482,32,93,0.02933,25.8,95,,N
2022-11-27T11:50:27+00:00,1483,32,93,0.02933,25.8,95,,N
2022-11-27T11:50:42+00:00,1484,32,94,0.02933,25.8,95,,N
2022-11-27T11:50:58+00:00,1485,32,94,0.02933,25.8,95,,N
2022-11-27T11:51:13+00:00,1486,32,94,0.02933,25.8,95,,N
2022-11-27T11:51:28+00:00,1487,32,94,0.02933,25.8,95,,N
2022-11-27T11:51:44+00:00,1488,32,94,0.02933,25.8,95,,N
2022-11-27T11:51:59+00:00,1489,32,95,0.02933,25.8,95,,N
2022-11-27T11:52:14+00:00,1490,32,95,0.02933,25.8,95,,N
2022-11-27T11:52:29+00:00,1491,32,95,0.02933,25.8,95,,N
2022-11-27T11:52:45+00:00,1492,32,95,0.02933,25.8,95,,N
2022-11-27T11:53:00+00:00,1493,32,95,0.02933,25.8,95,,N
2022-11-27T11:53:15+00:00,1494,33,95,0.02933,25.8,95,,N
2022-11-27T11:53:30+00:00,1495,33,96,0.02933,25.8,95,,N
2022-11-27T11:53:45+00:00,1496,33,96,0.02933,25.8,95,,N
2022-11-27T11:54:01+00:00,1497,33,96,0.02933,25.8,95,,N
2022-11-27T11:54:16+00:00,1498,33,95,0.02933,25.8,95,,N
2022-11-27T11:54:32+00:00,1499,33,95,0.02933,25.8,95,,N
2022-11-27T11:54:48+00:00,1500,33,95,0.02933,25.8,95,,N
2022-11-27T11:55:03+00:00,1501,33,95,0.02933,25.8,95,,N
2022-11-27T11:55:19+00:00,1502,33,95,0.02933,25.8,95,,N
2022-11-27T11:55:35+00:00,1503,33,95,0.02933,25.8,95,,N
2022-11-27T11:55:51+00:00,1504,33,95,0.02933,25.8,95,,N
2022-11-27T11:56:06+00:00,1505,33,95,0.02933,25.8,95,,N
2022-11-27T11:56:22+00:00,1506,33,95,0.02933,25.8,95,,N
2022-11-27T11:56:37+00:00,1507,33,95,0.02933,25.8,95,,N
2022-11-27T11:56:53+00:00,1508,33,95,0.02933,25.8,95,,N
2022-11-27T11:57:09+00:00,1509,33,94,0.02933,25.8,95,,N
2022-11-27T11:57:26+00:00,1510,33,95,0.02933,25.8,95,,N
2022-11-27T11:57:42+00:00,1511,33,95,0.02933,25.8,95,,N
2022-11-27T11:57:58+00:00,1512,33,95,0.02933,25.8,95,,N
2022-11-27T11:58:14+00:00,1513,33,95,0.02933,25.8,95,,N
2022-11-27T11:58:29+00:00,1514,33,95,0.02933,25.8,95,,N
2022-11-27T11:58:45+00:00,1515,33,95,0.03421,25.8,95,,N
2022-11-27T11:59:02+00:00,1516,33,95,0.03421,25.8,95,,N
2022-11-27T11:59:17+00:00,1517,33,95,0.03421,25.8,95,,N
2022-11-27T11:59:32+00:00,1518,33,95,0.02933,25.8,95,,N
2022-11-27T11:59:48+00:00,1519,33,95,0.02933,25.8,95,,N
2022-11-27T12:00:03+00:00,1520,33,95,0.02933,25.8,95,,N
2022-11-27T12:00:19+00:00,1521,33,96,0.02933,25.8,95,,N
2022-11-27T12:00:34+00:00,1522,34,96,0.02933,25.8,95,,N
2022-11-27T12:00:49+00:00,1523,34,96,0.02933,26.2,95,,N
2022-11-27T12:01:05+00:00,1524,34,96,0.02933,26.2,95,,N
2022-11-27T12:01:20+00:00,1525,34,96,0.02933,26.2,95,,N
2022-11-27T12:01:35+00:00,1526,34,96,0.03421,26.2,95,,N
2022-11-27T12:01:51+00:00,1527,34,96,0.03421,26.2,95,,N
2022-11-27T12:02:07+00:00,1528,34,96,0.03421,26.2,95,,N
2022-11-27T12:02:22+00:00,1529,34,96,0.03421,26.2,95,,N
2022-11-27T12:02:38+00:00,1530,34,97,0.03421,26.2,95,,N
2022-11-27T12:02:53+00:00,1531,34,97,0.03421,26.2,95,,N
2022-11-27T12:03:09+00:00,1532,34,97,0.03421,26.2,95,,N
2022-11-27T12:03:25+00:00,1533,34,97,0.03421,26.2,95,,N
2022-11-27T12:03:40+00:00,1534,34,97,0.03421,26.2,95,,N
2022-11-27T12:03:55+00:00,1535,34,98,0.03421,26.2,95,,N
2022-11-27T12:04:12+00:00,1536,34,98,0.03421,26.2,95,,N
2022-11-27T12:04:28+00:00,1537,34,98,0.03421,26.2,95,,N
2022-11-27T12:04:43+00:00,1538,34,98,0.03421,26.2,95,,N
2022-11-27T12:04:58+00:00,1539,34,98,0.03421,26.2,95,,N
2022-11-27T12:05:14+00:00,1540,34,97,0.03421,26.2,95,,N
2022-11-27T12:05:29+00:00,1541,34,97,0.03421,26.2,95,,N
2022-11-27T12:05:44+00:00,1542,34,97,0.03421,26.2,95,,N
2022-11-27T12:06:00+00:00,1543,34,97,0.03421,26.2,95,,N
2022-11-27T12:06:15+00:00,1544,34,97,0.02933,26.2,95,,N
2022-11-27T12:06:30+00:00,1545,34,97,0.02933,26.2,97,,N
2022-11-27T12:06:45+00:00,1546,34,97,0.02444,26.2,97,,N
2022-11-27T12:07:00+00:00,1547,34,97,0.02933,26.2,97,,N
2022-11-27T12:07:17+00:00,1548,34,97,0.02933,26.2,97,,N
2022-11-27T12:07:33+00:00,1549,34,98,0.02933,26.2,97,,N
2022-11-27T12:07:48+00:00,1550,34,98,0.02933,26.2,97,,N
2022-11-27T12:08:03+00:00,1551,34,98,0.02933,26.2,97,,N
2022-11-27T12:08:19+00:00,1552,34,98,0.02933,26.2,97,,N
2022-11-27T12:08:34+00:00,1553,34,98,0.02933,26.2,97,,N
2022-11-27T12:08:49+00:00,1554,34,98,0.02933,26.2,97,,N
2022-11-27T12:09:04+00:00,1555,34,98,0.02933,26.2,97,,N
2022-11-27T12:09:20+00:00,1556,34,98,0.02444,26.2,97,,N
2022-11-27T12:09:35+00:00,1557,34,98,0.02444,26.2,97,,N
2022-11-27T12:09:50+00:00,1558,34,98,0.02933,26.2,97,,N
2022-11-27T12:10:06+00:00,1559,34,98,0.02933,26.2,97,,N
2022-11-27T12:10:22+00:00,1560,34,98,0.03421,26.2,97,,N
2022-11-27T12:10:37+00:00,1561,34,98,0.03421,26.2,97,,N
2022-11-27T12:10:59+00:00,1562,34,98,0.02444,26.2,97,,N
2022-11-27T12:11:29+00:00,1563,34,98,0.02444,26.2,97,,N
2022-11-27T12:11:44+00:00,1564,34,98,0.02444,26.2,97,,N
2022-11-27T12:12:00+00:00,1565,34,98,0.02444,26.2,97,,N
2022-11-27T12:12:16+00:00,1566,34,98,0.02933,26.2,97,,N
2022-11-27T12:12:31+00:00,1567,35,98,0.02933,26.2,97,,N
2022-11-27T12:12:47+00:00,1568,35,98,0.02933,26.2,97,,N
2022-11-27T12:13:02+00:00,1569,35,98,0.02933,26.2,97,,N
2022-11-27T12:13:18+00:00,1570,35,98,0.02444,26.2,97,,N
2022-11-27T12:13:33+00:00,1571,35,98,0.02444,26.2,97,,N
2022-11-27T12:13:49+00:00,1572,35,98,0.02933,26.2,97,,N
2022-11-27T12:14:06+00:00,1573,35,98,0.02933,26.2,97,,N
2022-11-27T12:14:22+00:00,1574,35,97,0.02933,26.2,97,,N
2022-11-27T12:14:38+00:00,1575,35,97,0.02933,26.2,97,,N
2022-11-27T12:14:54+00:00,1576,35,97,0.02933,26.2,97,,N
2022-11-27T12:15:09+00:00,1577,35,97,0.02933,26.2,97,,N
2022-11-27T12:15:26+00:00,1578,35,97,0.02933,26.2,97,,N
2022-11-27T12:15:42+00:00,1579,35,96,0.02933,26.2,97,,N
2022-11-27T12:15:58+00:00,1580,35,96,0.02933,26.2,97,,N
2022-11-27T12:16:13+00:00,1581,35,96,0.02933,26.2,97,,N
2022-11-27T12:16:28+00:00,1582,35,96,0.02933,26.2,97,,N
2022-11-27T12:16:44+00:00,1583,35,96,0.02933,26.2,97,,N
2022-11-27T12:16:59+00:00,1584,35,96,0.02933,26.2,97,,N
2022-11-27T12:17:15+00:00,1585,35,96,0.02933,26.2,97,,N
2022-11-27T12:17:31+00:00,1586,35,96,0.02933,26.2,97,,N
2022-11-27T12:17:47+00:00,1587,35,96,0.01955,26.2,97,,N
2022-11-27T12:18:02+00:00,1588,35,96,0.01955,26.2,97,,N
2022-11-27T12:18:17+00:00,1589,35,96,0.02933,26.2,97,,N
2022-11-27T12:18:32+00:00,1590,35,96,0.02933,26.2,97,,N
2022-11-27T12:18:48+00:00,1591,35,96,0.02933,26.2,97,,N
2022-11-27T12:19:05+00:00,1592,35,95,0.02933,26.2,97,,N
2022-11-27T12:19:21+00:00,1593,35,95,0.02933,26.2,97,,N
2022-11-27T12:19:36+00:00,1594,35,95,0.02933,26.2,97,,N
2022-11-27T12:19:52+00:00,1595,35,95,0.02933,26.2,97,,N
2022-11-27T12:20:07+00:00,1596,35,95,0.02933,26.2,97,,N
2022-11-27T12:20:24+00:00,1597,35,96,0.02933,26.2,97,,N
2022-11-27T12:20:39+00:00,1598,35,95,0.02933,26.2,97,,N
2022-11-27T12:20:55+00:00,1599,35,95,0.02933,26.2,97,,N
2022-11-27T12:21:14+00:00,1600,35,95,0.02933,26.2,97,,N
2022-11-28T04:55:40+00:00,1601,35,95,0.02933,26.2,97,,T
2022-11-28T04:55:55+00:00,1602,35,95,0.02933,26.2,97,,T
2022-11-28T04:56:10+00:00,1603,35,95,0.02933,26.2,97,,T
2022-11-28T04:56:26+00:00,1604,35,98,0.02933,26.2,97,,T
2022-11-28T04:56:42+00:00,1605,35,98,0.02933,26.2,97,,T
2022-11-28T04:56:58+00:00,1606,35,98,0.02933,26.2,97,,T
2022-11-28T04:57:13+00:00,1607,35,98,0.02933,26.2,97,,T
2022-11-28T04:57:29+00:00,1608,35,98,0.02933,26.2,97,,T
2022-11-28T04:57:44+00:00,1609,35,98,0.00978,26.2,97,,T
2022-11-28T04:58:02+00:00,1610,35,98,0.00978,26.2,97,,T
2022-11-28T04:58:17+00:00,1611,35,98,0.00978,26.2,97,,T
2022-11-28T04:58:32+00:00,1612,35,98,0.00978,26.2,97,,T
2022-11-28T04:58:48+00:00,1613,35,98,0.00978,26.2,97,,T
2022-11-28T04:59:03+00:00,1614,35,98,0.00978,26.2,97,,T
2022-11-28T04:59:19+00:00,1615,35,98,0.00978,26.2,97,,T
2022-11-28T04:59:34+00:00,1616,35,98,0.00978,26.2,97,,T
2022-11-28T04:59:50+00:00,1617,35,98,0.00978,26.2,97,,T
2022-11-28T05:00:05+00:00,1618,35,98,0.00978,26.2,97,,T
2022-11-28T05:00:21+00:00,1619,35,98,0.00978,28.9,97,,T
2022-11-28T05:00:36+00:00,1620,35,98,0.01466,28.9,97,,T
2022-11-28T05:00:52+00:00,1621,35,98,0.01466,28.9,97,,T
2022-11-28T05:01:07+00:00,1622,56,98,0.01466,28.9,97,,T
2022-11-28T05:01:23+00:00,1623,56,98,0.01466,28.9,97,,T
2022-11-28T05:01:38+00:00,1624,56,98,0.01466,28.9,97,,T
2022-11-28T05:01:54+00:00,1625,56,98,0.01466,28.9,97,,T
2022-11-28T05:02:10+00:00,1626,56,98,0.01466,28.9,97,,T
2022-11-28T05:02:25+00:00,1627,56,98,0.01466,28.9,97,,T
2022-11-28T05:02:41+00:00,1628,56,98,0.01466,28.9,97,,T
2022-11-28T05:02:57+00:00,1629,56,98,0.01466,28.9,97,,T
2022-11-28T05:03:12+00:00,1630,56,98,0.01466,28.5,97,,T
2022-11-28T05:03:27+00:00,1631,56,98,0.01466,28.5,97,,T
2022-11-28T05:03:42+00:00,1632,56,98,0.01466,28.5,97,,T
2022-11-28T05:03:57+00:00,1633,56,98,0.02444,28.5,97,,T
2022-11-28T05:04:14+00:00,1634,56,98,0.02444,28.5,97,,T
2022-11-28T05:04:30+00:00,1635,56,98,0.02444,28.5,97,,T
2022-11-28T05:04:48+00:00,1636,56,98,0.02444,28.5,97,,T
2022-11-28T05:05:04+00:00,1637,56,98,0.02444,28.5,97,,T
2022-11-28T05:05:20+00:00,1638,56,98,0.02444,28.5,97,,T
2022-11-28T05:05:36+00:00,1639,56,98,0.02444,28.5,97,,T
2022-11-28T05:05:52+00:00,1640,56,98,0.0391,28.5,97,,T
2022-11-28T05:06:08+00:00,1641,56,98,0.0391,28.5,97,,T
2022-11-28T05:06:24+00:00,1642,56,98,0.0391,28.5,97,,T
2022-11-28T05:06:39+00:00,1643,56,98,0.0391,28.5,97,,T
2022-11-28T05:06:54+00:00,1644,56,98,0.0391,28.5,97,,T
2022-11-28T05:07:09+00:00,1645,56,98,0.02444,28.5,97,,T
2022-11-28T05:07:24+00:00,1646,56,98,0.02444,28.5,97,,T
2022-11-28T05:07:40+00:00,1647,56,98,0.02444,28.5,97,,T
2022-11-28T05:07:55+00:00,1648,56,98,0.02444,28.5,97,,T
2022-11-28T05:08:11+00:00,1649,56,98,0.02444,28.5,97,,T
2022-11-28T05:08:27+00:00,1650,56,98,0.02444,28.5,97,,T
2022-11-28T05:08:43+00:00,1651,56,98,0.02444,28.5,97,,T
2022-11-28T05:08:58+00:00,1652,56,98,0.02444,28.5,97,,T
2022-11-28T05:09:13+00:00,1653,56,98,0.02444,28.5,97,,T
2022-11-28T05:09:28+00:00,1654,56,98,0.02444,28.5,97,,T
2022-11-28T05:09:45+00:00,1655,56,98,0.02444,28.5,97,,T
2022-11-28T05:10:00+00:00,1656,56,98,0.0391,28.5,97,,T
2022-11-28T05:10:15+00:00,1657,56,98,0.0391,28.5,97,,T
2022-11-28T05:10:31+00:00,1658,56,98,0.0391,28.5,97,,T
2022-11-28T05:10:47+00:00,1659,56,98,0.0391,28.5,97,,T
2022-11-28T05:11:02+00:00,1660,56,98,0.0391,28.5,97,,T
2022-11-28T05:11:18+00:00,1661,56,98,0.0391,28.5,97,,T
2022-11-28T05:11:34+00:00,1662,56,98,0.0391,28.5,97,,T
2022-11-28T05:11:49+00:00,1663,56,98,0.06354,28.5,97,,T
2022-11-28T05:12:04+00:00,1664,56,98,0.0391,28.5,97,,T
2022-11-28T05:12:20+00:00,1665,56,98,0.0391,28.5,97,,T
2022-11-28T05:12:35+00:00,1666,56,98,0.0391,28.5,97,,T
2022-11-28T05:12:52+00:00,1667,56,98,0.0391,28.5,97,,T
2022-11-28T05:13:07+00:00,1668,56,98,0.0391,28.5,97,,T
2022-11-28T05:13:22+00:00,1669,56,98,0.0391,28.5,97,,T
2022-11-28T05:13:37+00:00,1670,56,98,0.01955,28.5,97,,T
2022-11-28T05:13:53+00:00,1671,56,98,0.01955,28.5,97,,T
2022-11-28T05:14:08+00:00,1672,56,98,0.01955,28.5,97,,T
2022-11-28T05:14:23+00:00,1673,56,98,0.01955,28.5,97,,T
2022-11-28T05:14:39+00:00,1674,56,98,0.01955,28.5,97,,T
2022-11-28T05:14:54+00:00,1675,56,98,0.01955,28,97,,T
2022-11-28T05:15:09+00:00,1676,56,98,0.01955,28,97,,T
2022-11-28T05:15:25+00:00,1677,56,98,0.01955,28,97,,T
2022-11-28T05:15:40+00:00,1678,56,98,0.01955,28,97,,T
2022-11-28T05:15:57+00:00,1679,56,98,0.01955,28,97,,T
2022-11-28T05:16:13+00:00,1680,56,98,0.01955,28,97,,T
2022-11-28T05:16:28+00:00,1681,56,98,0.01955,28,97,,T
2022-11-28T05:16:44+00:00,1682,56,98,0.01955,28,97,,T
2022-11-28T05:17:00+00:00,1683,56,98,0.01955,28,97,,T
2022-11-28T05:17:15+00:00,1684,56,98,0.01955,28,97,,T
2022-11-28T05:17:31+00:00,1685,56,98,0.01955,28,97,,T
2022-11-28T05:17:46+00:00,1686,56,98,0.01955,28,97,,T
2022-11-28T05:18:02+00:00,1687,56,98,0.01955,28,98,,T
2022-11-28T05:18:18+00:00,1688,56,98,0.01955,28,98,,T
2022-11-28T05:18:36+00:00,1689,56,98,0.01955,28,98,,T
2022-11-28T05:18:55+00:00,1690,56,98,0.01955,28,98,,T
2022-11-28T05:20:18+00:00,1691,56,98,0.01955,28,98,,T
2022-11-28T05:20:33+00:00,1692,56,98,0.01955,28,98,,T
2022-11-28T05:20:48+00:00,1693,56,98,0.01955,28,98,,T
2022-11-28T05:23:03+00:00,1694,56,98,0.01955,28,98,,T
2022-11-28T05:23:19+00:00,1695,56,98,0.01955,28,98,,T
2022-11-28T05:23:35+00:00,1696,56,98,0.01955,28,98,,T
2022-11-28T05:23:50+00:00,1697,56,98,0.01955,28,98,,T
2022-11-28T05:24:12+00:00,1698,56,98,0.01955,28,98,,T
